excel_row,box_name,excel_SEGNATURA ARCHIVISTICA BUCAP,excel_BARCODE LABEL NO.,excel_CITY,excel_COUNTRY,excel_GROUP/ DEPARTMENT,excel_RECORD SERIES,excel_RETENTION PERIOD,excel_RECORDS TITLE,excel_FROM DATE,excel_TO DATE,excel_PROJECT NO,excel_PROJECT NAME,excel_DESCRIPTION,excel_RETENTION  TRIGGER,excel_TRIGGER DATE,excel_RETENTION DAYS,excel_DESTRUCTION DATE,excel_SECURITY LEVELS,excel_ACCOUNT NO.,excel_WAREHOUSE LOCATION,excel_STATO PRATICA,excel_DATA ULTIMO RIENTRO,alternative_match_count,alternative_db_matches
1387,31885,1373,31885,,,,,,,,,,,,,,0,,,,,PRESSO BUCAP,,0,[]
1441,15249,1428,15249,,,,,,,,,,,,,,0,,,,,PRESSO BUCAP,,0,[]
1539,26181,1526,26181,,,,,,,,,,,,,,0,,,,,PRESSO BUCAP,,0,[]
1562,22059,1548,22059,,,,,,,,,,,,,,0,,,,,PRESSO BUCAP,,0,[]
1582,43416,1567,43416,,,,,,,,,,,,,,0,,,,,PRESSO BUCAP,,0,[]
1599,38678,1583,38678,,,,,,,,,,,,,,0,,,,,PRESSO BUCAP,,0,[]
1636,45382,1620,45382,,,,,,,,,,,,,,0,,,,,PRESSO BUCAP,,0,[]
1641,31881,1625,31881,,,,,,,,,,,,,,0,,,,,PRESSO BUCAP,,0,[]
1678,45264,1667,45264,,,,,,,,,,,,,,0,,,,,PRESSO BUCAP,,0,[]
1705,13141,1894,13141,,,,,,,,,,,,,,0,,,,,PRESSO BUCAP,,0,[]
1717,45369,1704,45369,,,,,,,,,,,,,,0,,,,,PRESSO BUCAP,,0,[]
1738,22100,1725,22100,,,,,,,,,,,,,,0,,,,,PRESSO BUCAP,,0,[]
1828,45279,1813,45279,,,,,,,,,,,,,,0,,,,,PRESSO BUCAP,,0,[]
1933,32896,1919,32896,,,,,,,,,,,,,,0,,,,,PRESSO BUCAP,,0,[]
1988,31866,1974,31866,,,,,,,,,,,,,,0,,,,,PRESSO BUCAP,,0,[]
2050,45280,2034,45280,,,,,,,,,,,,,,0,,,,,PRESSO BUCAP,,0,[]
2116,26187,2098,26187,,,,,,,,,,,,,,0,,,,,PRESSO BUCAP,,0,[]
2233,45276,2214,45276,,,,,,,,,,,,,,0,,,,,PRESSO BUCAP,,0,[]
2267,32915,2248,32915,,,,,,,,,,,,,,0,,,,,PRESSO BUCAP,,0,[]
2268,32915,2249,32915,,,,,,,,,,,,,,0,,,,,PRESSO BUCAP,,0,[]
2287,45380,2268,45380,,,,,,,,,,,,,,0,,,,,PRESSO BUCAP,,0,[]
2310,14226,2290,14226,,,,,,,,,,,,,,0,,,,,PRESSO BUCAP,,0,[]
2321,41451,2300,41451,,,,,,,,,,,,,,0,,,,,PRESSO BUCAP,,0,[]
2340,22971,2318,22971,,,,,,,,,,,,,,0,,,,,PRESSO BUCAP,,0,[]
2399,16933,2376,16933,,,,,,,,,,,,,,0,,,,,PRESSO BUCAP,,0,[]
2415,16604,2392,16604,,,,,,,,,,,,,,0,,,,,PRESSO BUCAP,,0,[]
2449,32965,2426,32965,,,,,,,,,,,,,,0,,,,,PRESSO BUCAP,,0,[]
2465,45270,2441,45270,,,,,,,,,,,,,,0,,,,,PRESSO BUCAP,,0,[]
2474,32951,2450,32951,,,,,,,,,,,,,,0,,,,,PRESSO BUCAP,,0,[]
2477,44861,2453,44861,,,,,,,,,,,,,,0,,,,,PRESSO BUCAP,,0,[]
2505,45356,2481,45356,,,,,,,,,,,,,,0,,,,,PRESSO BUCAP,,0,[]
2511,20257,2487,20257,,,,,,,,,,,,,,0,,,,,PRESSO BUCAP,,0,[]
2513,20672,2489,20672,,,,,,,,,,,,,,0,,,,,PRESSO BUCAP,,0,[]
2515,20260,2491,20260,,,,,,,,,,,,,,0,,,,,PRESSO BUCAP,,0,[]
2523,41887,2499,41887,,,,,,,,,,,,,,0,,,,,PRESSO BUCAP,,0,[]
2582,45307,2557,45307,,,,,,,,,,,,,,0,,,,,PRESSO BUCAP,,0,[]
2641,45300,2614,45300,,,,,,,,,,,,,,0,,,,,PRESSO BUCAP,,0,[]
2672,20256,2644,20256,,,,,,,,,,,,,,0,,,,,PRESSO BUCAP,,0,[]
2709,20409,2683,20409,,,,,,,,,,,,,,0,,,,,PRESSO BUCAP,,0,[]
2714,45290,2688,45290,,,,,,,,,,,,,,0,,,,,PRESSO BUCAP,,0,[]
2730,26175,2707,26175,,,,,,,,,,,,,,0,,,,,PRESSO BUCAP,,0,[]
2754,32891,2730,32891,,,,,,,,,,,,,,0,,,,,PRESSO BUCAP,,0,[]
2792,33752,2767,33752,,,,,,,,,,,,,,0,,,,,PRESSO BUCAP,,0,[]
2798,31914,2773,31914,,,,,,,,,,,,,,0,,,,,PRESSO BUCAP,,0,[]
2821,32889,2795,32889,,,,,,,,,,,,,,0,,,,,PRESSO BUCAP,,0,[]
2880,45258,2859,45258,,,,,,,,,,,,,,0,,,,,PRESSO BUCAP,,0,[]
2935,17328,2914,17328,,,,,,,,,,,,,,0,,,,,PRESSO BUCAP,,0,[]
2936,32979,2915,32979,,,,,,,,,,,,,,0,,,,,PRESSO BUCAP,,0,[]
2943,31882,2921,31882,,,,,,,,,,,,,,0,,,,,PRESSO BUCAP,,0,[]
3066,45315,3041,45315,,,,,,,,,,,,,,0,,,,,PRESSO BUCAP,,0,[]
3073,23501,3050,23501,,,,,,,,,,,,,,0,,,,,PRESSO BUCAP,,0,[]
3074,22358,3051,22358,,,,,,,,,,,,,,0,,,,,PRESSO BUCAP,,0,[]
3217,45288,3199,45288,,,,,,,,,,,,,,0,,,,,PRESSO BUCAP,,0,[]
3333,45289,3313,45289,,,,,,,,,,,,,,0,,,,,PRESSO BUCAP,,0,[]
3923,32969,3913,32969,,,,,,,,,,,,,,0,,,,,PRESSO BUCAP,,0,[]
3943,43292,3933,43292,,,,,,,,,,,,,,0,,,,,PRESSO BUCAP,,0,[]
3955,43300,3945,43300,,,,,,,,,,,,,,0,,,,,PRESSO BUCAP,,0,[]
4004,45367,3993,45367,,,,,,,,,,,,,,0,,,,,PRESSO BUCAP,,0,[]
4179,20039,4164,20039,,,,,,,,,,,,,,0,,,,,PRESSO BUCAP,,0,[]
4181,20693,4166,20693,,,,,,,,,,,,,,0,,,,,PRESSO BUCAP,,0,[]
4287,20011,4272,20011,,,,,,,,,,,,,,0,,,,,PRESSO BUCAP,,0,[]
4354,20204,4339,20204,,,,,,,,,,,,,,0,,,,,PRESSO BUCAP,,0,[]
4437,20152,4421,20152,,,,,,,,,,,,,,0,,,,,PRESSO BUCAP,,0,[]
4444,12870,4428,12870,,,,,,,,,,,,,,0,,,,,PRESSO BUCAP,,0,[]
4445,20002,4470,20002,,,,,,,,,,,,,,0,,,,,PRESSO BUCAP,,0,[]
4463,43681,4446,43681,,,,,,,,,,,,,,0,,,,,PRESSO BUCAP,,0,[]
4474,20008,4457,20008,,,,,,,,,,,,,,0,,,,,PRESSO BUCAP,,0,[]
4475,45318,4458,45318,,,,,,,,,,,,,,0,,,,,PRESSO BUCAP,,0,[]
4480,20010,4463,20010,,,,,,,,,,,,,,0,,,,,PRESSO BUCAP,,0,[]
4492,23281,4476,23281,,,,,,,,,,,,,,0,,,,,PRESSO BUCAP,,0,[]
4525,20254,4509,20254,,,,,,,,,,,,,,0,,,,,PRESSO BUCAP,,0,[]
4540,19843,4523,19843,,,,,,,,,,,,,,0,,,,,PRESSO BUCAP,,0,[]
4551,18940,4534,18940,,,,,,,,,,,,,,0,,,,,PRESSO BUCAP,,0,[]
4580,20000,4563,20000,,,,,,,,,,,,,,0,,,,,PRESSO BUCAP,,0,[]
4602,20099,4584,20099,,,,,,,,,,,,,,0,,,,,PRESSO BUCAP,,0,[]
4610,20048,4591,20048,,,,,,,,,,,,,,0,,,,,PRESSO BUCAP,,0,[]
4620,17956,4601,17956,,,,,,,,,,,,,,0,,,,,PRESSO BUCAP,,0,[]
4644,20334,4624,20334,,,,,,,,,,,,,,0,,,,,PRESSO BUCAP,,0,[]
4705,19390,4686,19390,,,,,,,,,,,,,,0,,,,,PRESSO BUCAP,,0,[]
4709,20065,4690,20065,,,,,,,,,,,,,,0,,,,,PRESSO BUCAP,,0,[]
4767,20675,4746,20675,,,,,,,,,,,,,,0,,,,,PRESSO BUCAP,,0,[]
4771,20830,4750,20830,,,,,,,,,,,,,,0,,,,,PRESSO BUCAP,,0,[]
4772,20689,4751,20689,,,,,,,,,,,,,,0,,,,,PRESSO BUCAP,,0,[]
4773,19617,4752,19617,,,,,,,,,,,,,,0,,,,,PRESSO BUCAP,,0,[]
4795,20731,4773,20731,,,,,,,,,,,,,,0,,,,,PRESSO BUCAP,,0,[]
4812,20831,4789,20831,,,,,,,,,,,,,,0,,,,,PRESSO BUCAP,,0,[]
4814,20710,4791,20710,,,,,,,,,,,,,,0,,,,,PRESSO BUCAP,,0,[]
4816,31879,4793,31879,,,,,,,,,,,,,,0,,,,,PRESSO BUCAP,,0,[]
4820,20005,4797,20005,,,,,,,,,,,,,,0,,,,,PRESSO BUCAP,,0,[]
4833,20032,4811,20032,,,,,,,,,,,,,,0,,,,,PRESSO BUCAP,,0,[]
4840,20676,4818,20676,,,,,,,,,,,,,,0,,,,,PRESSO BUCAP,,0,[]
5008,32898,5003,32898,,,,,,,,,,,,,,0,,,,,PRESSO BUCAP,,0,[]
5012,45294,5006,45294,,,,,,,,,,,,,,0,,,,,PRESSO BUCAP,,0,[]
5077,26235,5071,26235,,,,,,,,,,,,,,0,,,,,PRESSO BUCAP,,0,[]
5146,18761,5139,18761,,,,,,,,,,,,,,0,,,,,PRESSO BUCAP,,0,[]
5157,43289,5150,43289,,,,,,,,,,,,,,0,,,,,PRESSO BUCAP,,0,[]
5241,32930,5236,32930,,,,,,,,,,,,,,0,,,,,PRESSO BUCAP,,0,[]
5245,45378,5240,45378,,,,,,,,,,,,,,0,,,,,PRESSO BUCAP,,0,[]
5248,46185,5244,46185,,,,,,,,,,,,,,0,,,,,PRESSO BUCAP,,0,[]
5299,63050,17177,63050,,,,,,,,,,,,,,0,,,,,PRESSO BUCAP,,0,[]
5332,63033,18154,63033,,,,,,,,,,,,,,0,,,,,PRESSO BUCAP,,0,[]
5348,33942,5349,33942,,,,,,,,,,,,,,0,,,,,PRESSO BUCAP,,0,[]
5349,63048,17179,63048,,,,,,,,,,,,,,0,,,,,PRESSO BUCAP,,0,[]
5351,63043,17181,63043,,,,,,,,,,,,,,0,,,,,PRESSO BUCAP,,0,[]
5353,63134,17183,63134,,,,,,,,,,,,,,0,,,,,PRESSO BUCAP,,0,[]
5355,63133,17185,63133,,,,,,,,,,,,,,0,,,,,PRESSO BUCAP,,0,[]
5357,63135,17187,63135,,,,,,,,,,,,,,0,,,,,PRESSO BUCAP,,0,[]
5361,32906,12229,32906,,,,,,,,,,,,,,0,,,,,PRESSO BUCAP,,0,[]
5362,63138,17189,63138,,,,,,,,,,,,,,0,,,,,PRESSO BUCAP,,0,[]
5364,63140,17191,63140,,,,,,,,,,,,,,0,,,,,PRESSO BUCAP,,0,[]
5366,63142,17193,63142,,,,,,,,,,,,,,0,,,,,PRESSO BUCAP,,0,[]
5368,63136,17195,63136,,,,,,,,,,,,,,0,,,,,PRESSO BUCAP,,0,[]
5370,63132,17197,63132,,,,,,,,,,,,,,0,,,,,PRESSO BUCAP,,0,[]
5374,34062,17201,34062,,,,,,,,,,,,,,0,,,,,PRESSO BUCAP,,0,[]
5379,63033,18155,63033,,,,,,,,,,,,,,0,,,,,PRESSO BUCAP,,0,[]
5395,45267,12941,45267,,,,,,,,,,,,,,0,,,,,PRESSO BUCAP,,0,[]
5473,59312,19810,59312,,,,,,,,,,,,,,0,,,,,PRESSO BUCAP,,0,[]
5478,17237,5452,17237,,,,,,,,,,,,,,0,,,,,PRESSO BUCAP,,0,[]
5479,17220,5453,17220,,,,,,,,,,,,,,0,,,,,PRESSO BUCAP,,0,[]
5480,16610,5454,16610,,,,,,,,,,,,,,0,,,,,PRESSO BUCAP,,0,[]
5481,17221,5455,17221,,,,,,,,,,,,,,0,,,,,PRESSO BUCAP,,0,[]
5600,16936,5578,16936,,,,,,,,,,,,,,0,,,,,PRESSO BUCAP,,0,[]
5608,17236,5586,17236,,,,,,,,,,,,,,0,,,,,PRESSO BUCAP,,0,[]
5620,17164,5597,17164,,,,,,,,,,,,,,0,,,,,PRESSO BUCAP,,0,[]
5621,16963,5598,16963,,,,,,,,,,,,,,0,,,,,PRESSO BUCAP,,0,[]
5655,20323,5631,20323,,,,,,,,,,,,,,0,,,,,PRESSO BUCAP,,0,[]
5725,20680,5699,20680,,,,,,,,,,,,,,0,,,,,PRESSO BUCAP,,0,[]
5727,20007,5701,20007,,,,,,,,,,,,,,0,,,,,PRESSO BUCAP,,0,[]
5772,20336,5751,20336,,,,,,,,,,,,,,0,,,,,PRESSO BUCAP,,0,[]
5774,20679,5753,20679,,,,,,,,,,,,,,0,,,,,PRESSO BUCAP,,0,[]
5907,45299,5884,45299,,,,,,,,,,,,,,0,,,,,PRESSO BUCAP,,0,[]
5926,26169,5902,26169,,,,,,,,,,,,,,0,,,,,PRESSO BUCAP,,0,[]
6063,45677,6041,45677,,,,,,,,,,,,,,0,,,,,PRESSO BUCAP,,0,[]
6092,31854,6070,31854,,,,,,,,,,,,,,0,,,,,PRESSO BUCAP,,0,[]
6129,31870,6108,31870,,,,,,,,,,,,,,0,,,,,PRESSO BUCAP,,0,[]
6136,45368,6115,45368,,,,,,,,,,,,,,0,,,,,PRESSO BUCAP,,0,[]
6145,17429,6124,17429,,,,,,,,,,,,,,0,,,,,PRESSO BUCAP,,0,[]
6150,17447,6129,17447,,,,,,,,,,,,,,0,,,,,PRESSO BUCAP,,0,[]
6210,32958,6188,32958,,,,,,,,,,,,,,0,,,,,PRESSO BUCAP,,0,[]
6221,17198,6199,17198,,,,,,,,,,,,,,0,,,,,PRESSO BUCAP,,0,[]
6223,179T4,6201,179T4,,,,,,,,,,,,,,0,,,,,PRESSO BUCAP,,0,[]
6263,17877,6241,17877,,,,,,,,,,,,,,0,,,,,PRESSO BUCAP,,0,[]
6275,17134,6254,17134,,,,,,,,,,,,,,0,,,,,PRESSO BUCAP,,0,[]
6279,17395,6258,17395,,,,,,,,,,,,,,0,,,,,PRESSO BUCAP,,0,[]
6306,21W65,6285,21W65,,,,,,,,,,,,,,0,,,,,PRESSO BUCAP,,0,[]
6342,63032,18156,63032,,,,,,,,,,,,,,0,,,,,PRESSO BUCAP,,0,[]
6364,63032,18157,63032,,,,,,,,,,,,,,0,,,,,PRESSO BUCAP,,0,[]
6394,32946,12368,32946,,,,,,,,,,,,,,0,,,,,PRESSO BUCAP,,0,[]
6402,17421,6401,17421,,,,,,,,,,,,,,0,,,,,PRESSO BUCAP,,0,[]
6423,32963,20458,32963,,,,,,,,,,,,,,0,,,,,PRESSO BUCAP,,0,[]
6431,26178,20466,26178,,,,,,,,,,,,,,0,,,,,PRESSO BUCAP,,0,[]
6434,26234,20469,26234,,,,,,,,,,,,,,0,,,,,PRESSO BUCAP,,0,[]
6440,59281,19811,59281,,,,,,,,,,,,,,0,,,,,PRESSO BUCAP,,0,[]
6451,59332,19812,59332,,,,,,,,,,,,,,0,,,,,PRESSO BUCAP,,0,[]
6481,59259,19813,59259,,,,,,,,,,,,,,0,,,,,PRESSO BUCAP,,0,[]
6496,45376,7854,45376,,,,,,,,,,,,,,0,,,,,PRESSO BUCAP,,0,[]
6499,17289,12417,17289,,,,,,,,,,,,,,0,,,,,PRESSO BUCAP,,0,[]
6500,17667,6527,17667,,,,,,,,,,,,,,0,,,,,PRESSO BUCAP,,0,[]
6503,59276,19814,59276,,,,,,,,,,,,,,0,,,,,PRESSO BUCAP,,0,[]
6516,16901,6516,16901,,,,,,,,,,,,,,0,,,,,PRESSO BUCAP,,0,[]
6518,17079,6518,17079,,,,,,,,,,,,,,0,,,,,PRESSO BUCAP,,0,[]
6533,63137,17229,63137,,,,,,,,,,,,,,0,,,,,PRESSO BUCAP,,0,[]
6537,17510,6531,17510,,,,,,,,,,,,,,0,,,,,PRESSO BUCAP,,0,[]
6563,34058,12441,34058,,,,,,,,,,,,,,0,,,,,PRESSO BUCAP,,0,[]
6579,63131,17231,63131,,,,,,,,,,,,,,0,,,,,PRESSO BUCAP,,0,[]
6581,63141,17233,63141,,,,,,,,,,,,,,0,,,,,PRESSO BUCAP,,0,[]
6612,63028,18158,63028,,,,,,,,,,,,,,0,,,,,PRESSO BUCAP,,0,[]
6630,63028,18159,63028,,,,,,,,,,,,,,0,,,,,PRESSO BUCAP,,0,[]
6649,63035,18160,63035,,,,,,,,,,,,,,0,,,,,PRESSO BUCAP,,0,[]
6656,45284,11530,45284,,,,,,,,,,,,,,0,,,,,PRESSO BUCAP,,0,[]
6668,45282,11538,45282,,,,,,,,,,,,,,0,,,,,PRESSO BUCAP,,0,[]
6671,17225,12533,17225,,,,,,,,,,,,,,0,,,,,PRESSO BUCAP,,0,[]
6675,59282,9132,59282,,,,,,,,,,,,,,0,,,,,PRESSO BUCAP,,0,[]
6682,59331,9139,59331,,,,,,,,,,,,,,0,,,,,PRESSO BUCAP,,0,[]
6692,63187,15011,63187,,,,,,,,,,,,,,0,,,,,PRESSO BUCAP,,0,[]
6693,63187,15012,63187,,,,,,,,,,,,,,0,,,,,PRESSO BUCAP,,0,[]
6694,63205,15013,63205,,,,,,,,,,,,,,0,,,,,PRESSO BUCAP,,0,[]
6695,63185,15014,63185,,,,,,,,,,,,,,0,,,,,PRESSO BUCAP,,0,[]
6696,63195,15015,63195,,,,,,,,,,,,,,0,,,,,PRESSO BUCAP,,0,[]
6697,63195,15016,63195,,,,,,,,,,,,,,0,,,,,PRESSO BUCAP,,0,[]
6698,63186,15017,63186,,,,,,,,,,,,,,0,,,,,PRESSO BUCAP,,0,[]
6699,63215,15018,63215,,,,,,,,,,,,,,0,,,,,PRESSO BUCAP,,0,[]
6700,63215,15019,63215,,,,,,,,,,,,,,0,,,,,PRESSO BUCAP,,0,[]
6701,63178,15020,63178,,,,,,,,,,,,,,0,,,,,PRESSO BUCAP,,0,[]
6702,63237,15021,63237,,,,,,,,,,,,,,0,,,,,PRESSO BUCAP,,0,[]
6703,63237,15022,63237,,,,,,,,,,,,,,0,,,,,PRESSO BUCAP,,0,[]
6704,63179,15023,63179,,,,,,,,,,,,,,0,,,,,PRESSO BUCAP,,0,[]
6718,63063,17249,63063,,,,,,,,,,,,,,0,,,,,PRESSO BUCAP,,0,[]
6754,45689,12292,45689,,,,,,,,,,,,,,0,,,,,PRESSO BUCAP,,0,[]
6755,26185,8754,26185,,,,,,,,,,,,,,0,,,,,PRESSO BUCAP,,0,[]
6759,34053,12566,34053,,,,,,,,,,,,,,0,,,,,PRESSO BUCAP,,0,[]
6789,39539,13240,39539,,,,,,,,,,,,,,0,,,,,PRESSO BUCAP,,0,[]
6790,39539,13241,39539,,,,,,,,,,,,,,0,,,,,PRESSO BUCAP,,0,[]
6791,45361,7080,45361,,,,,,,,,,,,,,0,,,,,PRESSO BUCAP,,0,[]
6807,31871,12608,31871,,,,,,,,,,,,,,0,,,,,PRESSO BUCAP,,0,[]
6808,40537,13347,40537,,,,,,,,,,,,,,0,,,,,PRESSO BUCAP,,0,[]
6809,40537,13348,40537,,,,,,,,,,,,,,0,,,,,PRESSO BUCAP,,0,[]
6812,40503,13351,40503,,,,,,,,,,,,,,0,,,,,PRESSO BUCAP,,0,[]
6813,40503,13352,40503,,,,,,,,,,,,,,0,,,,,PRESSO BUCAP,,0,[]
6814,40543,13353,40543,,,,,,,,,,,,,,0,,,,,PRESSO BUCAP,,0,[]
6823,40543,13354,40543,,,,,,,,,,,,,,0,,,,,PRESSO BUCAP,,0,[]
6829,63270,14181,63270,,,,,,,,,,,,,,0,,,,,PRESSO BUCAP,,0,[]
6838,26184,12622,26184,,,,,,,,,,,,,,0,,,,,PRESSO BUCAP,,0,[]
6839,61628,14232,61628,,,,,,,,,,,,,,0,,,,,PRESSO BUCAP,,0,[]
6842,61611,14235,61611,,,,,,,,,,,,,,0,,,,,PRESSO BUCAP,,0,[]
6843,61603,14236,61603,,,,,,,,,,,,,,0,,,,,PRESSO BUCAP,,0,[]
6847,61631,14240,61631,,,,,,,,,,,,,,0,,,,,PRESSO BUCAP,,0,[]
6848,61599,14241,61599,,,,,,,,,,,,,,0,,,,,PRESSO BUCAP,,0,[]
6849,61633,14242,61633,,,,,,,,,,,,,,0,,,,,PRESSO BUCAP,,0,[]
6850,61757,15024,61757,,,,,,,,,,,,,,0,,,,,PRESSO BUCAP,,0,[]
6862,17670,12404,17670,,,,,,,,,,,,,,0,,,,,PRESSO BUCAP,,0,[]
6876,63066,17251,63066,,,,,,,,,,,,,,0,,,,,PRESSO BUCAP,,0,[]
6878,63058,17253,63058,,,,,,,,,,,,,,0,,,,,PRESSO BUCAP,,0,[]
6880,63060,17255,63060,,,,,,,,,,,,,,0,,,,,PRESSO BUCAP,,0,[]
6882,63059,17257,63059,,,,,,,,,,,,,,0,,,,,PRESSO BUCAP,,0,[]
6884,63061,17259,63061,,,,,,,,,,,,,,0,,,,,PRESSO BUCAP,,0,[]
6887,63053,17261,63053,,,,,,,,,,,,,,0,,,,,PRESSO BUCAP,,0,[]
6894,32959,12659,32959,,,,,,,,,,,,,,0,,,,,PRESSO BUCAP,,0,[]
6920,63035,18161,63035,,,,,,,,,,,,,,0,,,,,PRESSO BUCAP,,0,[]
6926,63027,18162,63027,,,,,,,,,,,,,,0,,,,,PRESSO BUCAP,,0,[]
6927,45306,12683,45306,,,,,,,,,,,,,,0,,,,,PRESSO BUCAP,,0,[]
6966,45265,6879,45265,,,,,,,,,,,,,,0,,,,,PRESSO BUCAP,,0,[]
6973,31873,9971,31873,,,,,,,,,,,,,,0,,,,,PRESSO BUCAP,,0,[]
6977,63218,15025,63218,,,,,,,,,,,,,,0,,,,,PRESSO BUCAP,,0,[]
6978,63218,15026,63218,,,,,,,,,,,,,,0,,,,,PRESSO BUCAP,,0,[]
6979,61766,15027,61766,,,,,,,,,,,,,,0,,,,,PRESSO BUCAP,,0,[]
6980,61766,15028,61766,,,,,,,,,,,,,,0,,,,,PRESSO BUCAP,,0,[]
6981,63188,15029,63188,,,,,,,,,,,,,,0,,,,,PRESSO BUCAP,,0,[]
6982,63188,15030,63188,,,,,,,,,,,,,,0,,,,,PRESSO BUCAP,,0,[]
6983,63174,15031,63174,,,,,,,,,,,,,,0,,,,,PRESSO BUCAP,,0,[]
6984,63174,15032,63174,,,,,,,,,,,,,,0,,,,,PRESSO BUCAP,,0,[]
6985,63208,15033,63208,,,,,,,,,,,,,,0,,,,,PRESSO BUCAP,,0,[]
6986,63208,15034,63208,,,,,,,,,,,,,,0,,,,,PRESSO BUCAP,,0,[]
6987,63206,15035,63206,,,,,,,,,,,,,,0,,,,,PRESSO BUCAP,,0,[]
6988,63239,15036,63239,,,,,,,,,,,,,,0,,,,,PRESSO BUCAP,,0,[]
6989,63177,15037,63177,,,,,,,,,,,,,,0,,,,,PRESSO BUCAP,,0,[]
6990,63177,15038,63177,,,,,,,,,,,,,,0,,,,,PRESSO BUCAP,,0,[]
6991,63184,15039,63184,,,,,,,,,,,,,,0,,,,,PRESSO BUCAP,,0,[]
6992,63184,15040,63184,,,,,,,,,,,,,,0,,,,,PRESSO BUCAP,,0,[]
6993,63180,15041,63180,,,,,,,,,,,,,,0,,,,,PRESSO BUCAP,,0,[]
6994,63180,15042,63180,,,,,,,,,,,,,,0,,,,,PRESSO BUCAP,,0,[]
7028,63024,18163,63024,,,,,,,,,,,,,,0,,,,,PRESSO BUCAP,,0,[]
7112,63025,18164,63025,,,,,,,,,,,,,,0,,,,,PRESSO BUCAP,,0,[]
7121,26161,7033,26161,,,,,,,,,,,,,,0,,,,,PRESSO BUCAP,,0,[]
7144,32981,7056,32981,,,,,,,,,,,,,,0,,,,,PRESSO BUCAP,,0,[]
7196,31916,7109,31916,,,,,,,,,,,,,,0,,,,,PRESSO BUCAP,,0,[]
7205,63025,18165,63025,,,,,,,,,,,,,,0,,,,,PRESSO BUCAP,,0,[]
7422,61722,15158,61722,,,,,,,,,,,,,,0,,,,,PRESSO BUCAP,,0,[]
7432,62025,15168,62025,,,,,,,,,,,,,,0,,,,,PRESSO BUCAP,,0,[]
7440,63013,18166,63013,,,,,,,,,,,,,,0,,,,,PRESSO BUCAP,,0,[]
7448,61723,15182,61723,,,,,,,,,,,,,,0,,,,,PRESSO BUCAP,,0,[]
7483,61665,15208,61665,,,,,,,,,,,,,,0,,,,,PRESSO BUCAP,,0,[]
7485,61654,15210,61654,,,,,,,,,,,,,,0,,,,,PRESSO BUCAP,,0,[]
7487,61636,15212,61636,,,,,,,,,,,,,,0,,,,,PRESSO BUCAP,,0,[]
7494,61626,15218,61626,,,,,,,,,,,,,,0,,,,,PRESSO BUCAP,,0,[]
7496,61736,15220,61736,,,,,,,,,,,,,,0,,,,,PRESSO BUCAP,,0,[]
7516,61743,15234,61743,,,,,,,,,,,,,,0,,,,,PRESSO BUCAP,,0,[]
7518,61732,15236,61732,,,,,,,,,,,,,,0,,,,,PRESSO BUCAP,,0,[]
7520,61731,15238,61731,,,,,,,,,,,,,,0,,,,,PRESSO BUCAP,,0,[]
7535,61031,15250,61031,,,,,,,,,,,,,,0,,,,,PRESSO BUCAP,,0,[]
7536,61612,15251,61612,,,,,,,,,,,,,,0,,,,,PRESSO BUCAP,,0,[]
7607,19382,7498,19382,,,,,,,,,,,,,,0,,,,,PRESSO BUCAP,,0,[]
7618,20688,7509,20688,,,,,,,,,,,,,,0,,,,,PRESSO BUCAP,,0,[]
7622,20729,7513,20729,,,,,,,,,,,,,,0,,,,,PRESSO BUCAP,,0,[]
7632,20790,7523,20790,,,,,,,,,,,,,,0,,,,,PRESSO BUCAP,,0,[]
7687,20333,7579,20333,,,,,,,,,,,,,,0,,,,,PRESSO BUCAP,,0,[]
7692,45312,7584,45312,,,,,,,,,,,,,,0,,,,,PRESSO BUCAP,,0,[]
7713,20727,7604,20727,,,,,,,,,,,,,,0,,,,,PRESSO BUCAP,,0,[]
7724,32956,7621,32956,,,,,,,,,,,,,,0,,,,,PRESSO BUCAP,,0,[]
7827,26190,7727,26190,,,,,,,,,,,,,,0,,,,,PRESSO BUCAP,,0,[]
7840,26183,7740,26183,,,,,,,,,,,,,,0,,,,,PRESSO BUCAP,,0,[]
7862,61032,15252,61032,,,,,,,,,,,,,,0,,,,,PRESSO BUCAP,,0,[]
7864,61030,15254,61030,,,,,,,,,,,,,,0,,,,,PRESSO BUCAP,,0,[]
7865,61604,15255,61604,,,,,,,,,,,,,,0,,,,,PRESSO BUCAP,,0,[]
7867,61602,15257,61602,,,,,,,,,,,,,,0,,,,,PRESSO BUCAP,,0,[]
7875,61734,15264,61734,,,,,,,,,,,,,,0,,,,,PRESSO BUCAP,,0,[]
7905,61709,15290,61709,,,,,,,,,,,,,,0,,,,,PRESSO BUCAP,,0,[]
7910,61708,15294,61708,,,,,,,,,,,,,,0,,,,,PRESSO BUCAP,,0,[]
7912,61735,15296,61735,,,,,,,,,,,,,,0,,,,,PRESSO BUCAP,,0,[]
7938,63057,17263,63057,,,,,,,,,,,,,,0,,,,,PRESSO BUCAP,,0,[]
7994,61593,15355,61593,,,,,,,,,,,,,,0,,,,,PRESSO BUCAP,,0,[]
8012,61034,15372,61034,,,,,,,,,,,,,,0,,,,,PRESSO BUCAP,,0,[]
8043,63051,17265,63051,,,,,,,,,,,,,,0,,,,,PRESSO BUCAP,,0,[]
8045,63052,17267,63052,,,,,,,,,,,,,,0,,,,,PRESSO BUCAP,,0,[]
8112,63010,18167,63010,,,,,,,,,,,,,,0,,,,,PRESSO BUCAP,,0,[]
8123,63197,15452,63197,,,,,,,,,,,,,,0,,,,,PRESSO BUCAP,,0,[]
8125,63198,15454,63198,,,,,,,,,,,,,,0,,,,,PRESSO BUCAP,,0,[]
8127,63233,15456,63233,,,,,,,,,,,,,,0,,,,,PRESSO BUCAP,,0,[]
8129,63222,15458,63222,,,,,,,,,,,,,,0,,,,,PRESSO BUCAP,,0,[]
8132,63245,15460,63245,,,,,,,,,,,,,,0,,,,,PRESSO BUCAP,,0,[]
8133,63304,15461,63304,ROME,ITALY,ENGINEERING,PRJ010,EVT+10Y,ENGINEERING ADMINISTRATION,2020-01-01T00:00:00,2020-12-31T00:00:00,2554,GRASSROOTS PHARMACEUTICAL SPECIALTIES PLANT - 1ST & 2ND PHASES,AG-PG,PROJECT CLOSED,2021-01-01T00:00:00,3650,2030-12-30T00:00:00,CONFIDENTIAL,,,PRESSO BUCAP,,0,[]
8134,63234,15462,63234,,,,,,,,,,,,,,0,,,,,PRESSO BUCAP,,0,[]
8136,63221,15464,63221,,,,,,,,,,,,,,0,,,,,PRESSO BUCAP,,0,[]
8189,63109,18168,63109,,,,,,,,,,,,,,0,,,,,PRESSO BUCAP,,0,[]
8207,31883,8060,31883,,,,,,,,,,,,,,0,,,,,PRESSO BUCAP,,0,[]
8309,63203,15043,63203,,,,,,,,,,,,,,0,,,,,PRESSO BUCAP,,0,[]
8310,63182,15044,63182,,,,,,,,,,,,,,0,,,,,PRESSO BUCAP,,0,[]
8311,63182,15045,63182,,,,,,,,,,,,,,0,,,,,PRESSO BUCAP,,0,[]
8312,63228,15046,63228,,,,,,,,,,,,,,0,,,,,PRESSO BUCAP,,0,[]
8313,63210,15047,63210,,,,,,,,,,,,,,0,,,,,PRESSO BUCAP,,0,[]
8314,63176,15048,63176,,,,,,,,,,,,,,0,,,,,PRESSO BUCAP,,0,[]
8315,63201,15049,63201,,,,,,,,,,,,,,0,,,,,PRESSO BUCAP,,0,[]
8316,63201,15050,63201,,,,,,,,,,,,,,0,,,,,PRESSO BUCAP,,0,[]
8317,63229,15051,63229,,,,,,,,,,,,,,0,,,,,PRESSO BUCAP,,0,[]
8318,63229,15052,63229,,,,,,,,,,,,,,0,,,,,PRESSO BUCAP,,0,[]
8319,63232,15053,63232,,,,,,,,,,,,,,0,,,,,PRESSO BUCAP,,0,[]
8320,63232,15054,63232,,,,,,,,,,,,,,0,,,,,PRESSO BUCAP,,0,[]
8321,63202,15055,63202,,,,,,,,,,,,,,0,,,,,PRESSO BUCAP,,0,[]
8322,63202,15056,63202,,,,,,,,,,,,,,0,,,,,PRESSO BUCAP,,0,[]
8323,63226,15057,63226,,,,,,,,,,,,,,0,,,,,PRESSO BUCAP,,0,[]
8324,63213,15058,63213,,,,,,,,,,,,,,0,,,,,PRESSO BUCAP,,0,[]
8325,61768,15059,61768,,,,,,,,,,,,,,0,,,,,PRESSO BUCAP,,0,[]
8326,61768,15060,61768,,,,,,,,,,,,,,0,,,,,PRESSO BUCAP,,0,[]
8327,61759,15061,61759,,,,,,,,,,,,,,0,,,,,PRESSO BUCAP,,0,[]
8328,61759,15062,61759,,,,,,,,,,,,,,0,,,,,PRESSO BUCAP,,0,[]
8329,63204,15063,63204,,,,,,,,,,,,,,0,,,,,PRESSO BUCAP,,0,[]
8330,63204,15064,63204,,,,,,,,,,,,,,0,,,,,PRESSO BUCAP,,0,[]
8331,63242,15065,63242,,,,,,,,,,,,,,0,,,,,PRESSO BUCAP,,0,[]
8332,63242,15066,63242,,,,,,,,,,,,,,0,,,,,PRESSO BUCAP,,0,[]
8333,63241,15067,63241,,,,,,,,,,,,,,0,,,,,PRESSO BUCAP,,0,[]
8334,63214,15068,63214,,,,,,,,,,,,,,0,,,,,PRESSO BUCAP,,0,[]
8335,63243,15069,63243,,,,,,,,,,,,,,0,,,,,PRESSO BUCAP,,0,[]
8359,61033,15624,61033,,,,,,,,,,,,,,0,,,,,PRESSO BUCAP,,0,[]
8391,63109,18169,63109,,,,,,,,,,,,,,0,,,,,PRESSO BUCAP,,0,[]
8446,26174,8264,26174,,,,,,,,,,,,,,0,,,,,PRESSO BUCAP,,0,[]
8447,16948,12808,16948,,,,,,,,,,,,,,0,,,,,PRESSO BUCAP,,0,[]
8452,45687,10017,45687,,,,,,,,,,,,,,0,,,,,PRESSO BUCAP,,0,[]
8463,63194,15070,63194,,,,,,,,,,,,,,0,,,,,PRESSO BUCAP,,0,[]
8476,61632,15695,61632,,,,,,,,,,,,,,0,,,,,PRESSO BUCAP,,0,[]
8518,21186,12814,21186,,,,,,,,,,,,,,0,,,,,PRESSO BUCAP,,0,[]
8577,63110,18170,63110,,,,,,,,,,,,,,0,,,,,PRESSO BUCAP,,0,[]
8580,61637,14410,61637,,,,,,,,,,,,,,0,,,,,PRESSO BUCAP,,0,[]
8581,61627,14411,61627,,,,,,,,,,,,,,0,,,,,PRESSO BUCAP,,0,[]
8585,61598,14415,61598,,,,,,,,,,,,,,0,,,,,PRESSO BUCAP,,0,[]
8587,34061,8385,34061,,,,,,,,,,,,,,0,,,,,PRESSO BUCAP,,0,[]
8592,34064,8390,34064,,,,,,,,,,,,,,0,,,,,PRESSO BUCAP,,0,[]
8595,63265,14417,63265,ROME,ITALY,ENGINEERING,PRJ010,EVT+10Y,ENGINEERING ADMINISTRATION,2020-01-01T00:00:00,2020-12-31T00:00:00,2408,ETILENO XXI PROJECT - F.E.E.D.,AG-PG,PROJECT CLOSED,2021-01-01T00:00:00,3650,2030-12-30T00:00:00,CONFIDENTIAL,,,PRESSO BUCAP,,0,[]
8597,63262,14419,63262,ROME,ITALY,ENGINEERING,PRJ010,EVT+10Y,ENGINEERING ADMINISTRATION,2020-01-01T00:00:00,2020-12-31T00:00:00,2376,ENGINEERING SERVICE FRAME AGREEMENT,AG-PG,PROJECT CLOSED,2021-01-01T00:00:00,3650,2030-12-30T00:00:00,CONFIDENTIAL,,,PRESSO BUCAP,,0,[]
8610,63108,18171,63108,,,,,,,,,,,,,,0,,,,,PRESSO BUCAP,,0,[]
8613,32910,12892,32910,,,,,,,,,,,,,,0,,,,,PRESSO BUCAP,,0,[]
8680,63105,18172,63105,,,,,,,,,,,,,,0,,,,,PRESSO BUCAP,,0,[]
8686,45268,12919,45268,,,,,,,,,,,,,,0,,,,,PRESSO BUCAP,,0,[]
8737,63253,15827,63253,ROME,ITALY,ENGINEERING,PRJ010,EVT+10Y,ENGINEERING ADMINISTRATION,2020-01-01T00:00:00,2020-12-31T00:00:00,2437,"PETROCARABOBO UPGRADER (200,000 BPSD)",AG-PG,PROJECT CLOSED,2021-01-01T00:00:00,3650,2030-12-30T00:00:00,CONFIDENTIAL,,,PRESSO BUCAP,,0,[]
8747,61724,15837,61724,,,,,,,,,,,,,,0,,,,,PRESSO BUCAP,,0,[]
8748,63105,18173,63105,,,,,,,,,,,,,,0,,,,,PRESSO BUCAP,,0,[]
8749,45360,8511,45360,,,,,,,,,,,,,,0,,,,,PRESSO BUCAP,,0,[]
8760,38680,7858,38680,,,,,,,,,,,,,,0,,,,,PRESSO BUCAP,,0,[]
8764,34060,7862,34060,,,,,,,,,,,,,,0,,,,,PRESSO BUCAP,,0,[]
8771,63102,18174,63102,,,,,,,,,,,,,,0,,,,,PRESSO BUCAP,,0,[]
8773,45676,9176,45676,,,,,,,,,,,,,,0,,,,,PRESSO BUCAP,,0,[]
8804,14988,9186,14988,,,,,,,,,,,,,,0,,,,,PRESSO BUCAP,,0,[]
8845,63102,18175,63102,,,,,,,,,,,,,,0,,,,,PRESSO BUCAP,,0,[]
8858,63106,18176,63106,,,,,,,,,,,,,,0,,,,,PRESSO BUCAP,,0,[]
8867,61711,15867,61711,,,,,,,,,,,,,,0,,,,,PRESSO BUCAP,,0,[]
8893,61710,15893,61710,,,,,,,,,,,,,,0,,,,,PRESSO BUCAP,,0,[]
8894,61613,15894,61613,,,,,,,,,,,,,,0,,,,,PRESSO BUCAP,,0,[]
8901,45359,8635,45359,,,,,,,,,,,,,,0,,,,,PRESSO BUCAP,,0,[]
8949,61601,15906,61601,,,,,,,,,,,,,,0,,,,,PRESSO BUCAP,,0,[]
8954,61649,15911,61649,,,,,,,,,,,,,,0,,,,,PRESSO BUCAP,,0,[]
8956,61648,15913,61648,,,,,,,,,,,,,,0,,,,,PRESSO BUCAP,,0,[]
8999,63106,18177,63106,,,,,,,,,,,,,,0,,,,,PRESSO BUCAP,,0,[]
9020,32960,8759,32960,,,,,,,,,,,,,,0,,,,,PRESSO BUCAP,,0,[]
9050,63096,18178,63096,,,,,,,,,,,,,,0,,,,,PRESSO BUCAP,,0,[]
9080,31876,8818,31876,,,,,,,,,,,,,,0,,,,,PRESSO BUCAP,,0,[]
9101,63219,17427,63219,,,,,,,,,,,,,,0,,,,,PRESSO BUCAP,,0,[]
9117,26192,8116,26192,,,,,,,,,,,,,,0,,,,,PRESSO BUCAP,,0,[]
9125,61651,15919,61651,,,,,,,,,,,,,,0,,,,,PRESSO BUCAP,,0,[]
9127,61652,15921,61652,,,,,,,,,,,,,,0,,,,,PRESSO BUCAP,,0,[]
9129,61592,15923,61592,,,,,,,,,,,,,,0,,,,,PRESSO BUCAP,,0,[]
9131,61660,15925,61660,,,,,,,,,,,,,,0,,,,,PRESSO BUCAP,,0,[]
9151,61718,15933,61718,,,,,,,,,,,,,,0,,,,,PRESSO BUCAP,,0,[]
9153,61721,15935,61721,,,,,,,,,,,,,,0,,,,,PRESSO BUCAP,,0,[]
9159,61717,15941,61717,,,,,,,,,,,,,,0,,,,,PRESSO BUCAP,,0,[]
9165,61719,15947,61719,,,,,,,,,,,,,,0,,,,,PRESSO BUCAP,,0,[]
9169,61720,15951,61720,,,,,,,,,,,,,,0,,,,,PRESSO BUCAP,,0,[]
9181,63093,18179,63093,,,,,,,,,,,,,,0,,,,,PRESSO BUCAP,,0,[]
9184,63297,15964,63297,ROME,ITALY,ENGINEERING,PRJ010,EVT+10Y,ENGINEERING ADMINISTRATION,2020-01-01T00:00:00,2020-12-31T00:00:00,2554,GRASSROOTS PHARMACEUTICAL SPECIALTIES PLANT - 1ST & 2ND PHASES,AG-PG,PROJECT CLOSED,2021-01-01T00:00:00,3650,2030-12-30T00:00:00,CONFIDENTIAL,,,PRESSO BUCAP,,0,[]
9195,63107,18180,63107,,,,,,,,,,,,,,0,,,,,PRESSO BUCAP,,0,[]
9206,61791,15979,61791,,,,,,,,,,,,,,0,,,,,PRESSO BUCAP,,0,[]
9208,61780,15981,61780,,,,,,,,,,,,,,0,,,,,PRESSO BUCAP,,0,[]
9238,61617,15998,61617,,,,,,,,,,,,,,0,,,,,PRESSO BUCAP,,0,[]
9239,63104,18181,63104,,,,,,,,,,,,,,0,,,,,PRESSO BUCAP,,0,[]
9258,61609,16011,61609,,,,,,,,,,,,,,0,,,,,PRESSO BUCAP,,0,[]
9263,63103,18182,63103,,,,,,,,,,,,,,0,,,,,PRESSO BUCAP,,0,[]
9274,63257,16025,63257,ROME,ITALY,ENGINEERING,PRJ010,EVT+10Y,ENGINEERING ADMINISTRATION,2020-01-01T00:00:00,2020-12-31T00:00:00,2441,"PETROCARABOBO UPGRADER (200,000 BPSD)",AG-PG,PROJECT CLOSED,2021-01-01T00:00:00,3650,2030-12-30T00:00:00,CONFIDENTIAL,,,PRESSO BUCAP,,0,[]
9282,62026,16033,62026,,,,,,,,,,,,,,0,,,,,PRESSO BUCAP,,0,[]
9285,62032,16035,62032,,,,,,,,,,,,,,0,,,,,PRESSO BUCAP,,0,[]
9287,61775,16037,61775,,,,,,,,,,,,,,0,,,,,PRESSO BUCAP,,0,[]
9288,63103,18183,63103,,,,,,,,,,,,,,0,,,,,PRESSO BUCAP,,0,[]
9301,61777,16049,61777,,,,,,,,,,,,,,0,,,,,PRESSO BUCAP,,0,[]
9313,61776,16061,61776,,,,,,,,,,,,,,0,,,,,PRESSO BUCAP,,0,[]
9317,62027,16065,62027,,,,,,,,,,,,,,0,,,,,PRESSO BUCAP,,0,[]
9327,63247,16073,63247,ROME,ITALY,ENGINEERING,PRJ010,EVT+10Y,ENGINEERING ADMINISTRATION,2020-01-01T00:00:00,2020-12-31T00:00:00,2431,"PETROCARABOBO UPGRADER (200,000 BPSD)",AG-PG,PROJECT CLOSED,2021-01-01T00:00:00,3650,2030-12-30T00:00:00,CONFIDENTIAL,,,PRESSO BUCAP,,0,[]
9329,63246,16075,63246,ROME,ITALY,ENGINEERING,PRJ010,EVT+10Y,ENGINEERING ADMINISTRATION,2020-01-01T00:00:00,2020-12-31T00:00:00,2430,"PETROCARABOBO UPGRADER (200,000 BPSD)",AG-PG,PROJECT CLOSED,2021-01-01T00:00:00,3650,2030-12-30T00:00:00,CONFIDENTIAL,,,PRESSO BUCAP,,0,[]
9333,63254,16079,63254,ROME,ITALY,ENGINEERING,PRJ010,EVT+10Y,ENGINEERING ADMINISTRATION,2020-01-01T00:00:00,2020-12-31T00:00:00,2438,"PETROCARABOBO UPGRADER (200,000 BPSD)",AG-PG,PROJECT CLOSED,2021-01-01T00:00:00,3650,2030-12-30T00:00:00,CONFIDENTIAL,,,PRESSO BUCAP,,0,[]
9335,63250,16081,63250,ROME,ITALY,ENGINEERING,PRJ010,EVT+10Y,ENGINEERING ADMINISTRATION,2020-01-01T00:00:00,2020-12-31T00:00:00,2434,"PETROCARABOBO UPGRADER (200,000 BPSD)",AG-PG,PROJECT CLOSED,2021-01-01T00:00:00,3650,2030-12-30T00:00:00,CONFIDENTIAL,,,PRESSO BUCAP,,0,[]
9337,63251,16083,63251,ROME,ITALY,ENGINEERING,PRJ010,EVT+10Y,ENGINEERING ADMINISTRATION,2020-01-01T00:00:00,2020-12-31T00:00:00,2435,"PETROCARABOBO UPGRADER (200,000 BPSD)",AG-PG,PROJECT CLOSED,2021-01-01T00:00:00,3650,2030-12-30T00:00:00,CONFIDENTIAL,,,PRESSO BUCAP,,0,[]
9339,63255,16085,63255,ROME,ITALY,ENGINEERING,PRJ010,EVT+10Y,ENGINEERING ADMINISTRATION,2020-01-01T00:00:00,2020-12-31T00:00:00,2439,"PETROCARABOBO UPGRADER (200,000 BPSD)",AG-PG,PROJECT CLOSED,2021-01-01T00:00:00,3650,2030-12-30T00:00:00,CONFIDENTIAL,,,PRESSO BUCAP,,0,[]
9341,63249,16087,63249,ROME,ITALY,ENGINEERING,PRJ010,EVT+10Y,ENGINEERING ADMINISTRATION,2020-01-01T00:00:00,2020-12-31T00:00:00,2433,"PETROCARABOBO UPGRADER (200,000 BPSD)",AG-PG,PROJECT CLOSED,2021-01-01T00:00:00,3650,2030-12-30T00:00:00,CONFIDENTIAL,,,PRESSO BUCAP,,0,[]
9343,63256,16089,63256,ROME,ITALY,ENGINEERING,PRJ010,EVT+10Y,ENGINEERING ADMINISTRATION,2020-01-01T00:00:00,2020-12-31T00:00:00,2440,"PETROCARABOBO UPGRADER (200,000 BPSD)",AG-PG,PROJECT CLOSED,2021-01-01T00:00:00,3650,2030-12-30T00:00:00,CONFIDENTIAL,,,PRESSO BUCAP,,0,[]
9345,63097,18184,63097,,,,,,,,,,,,,,0,,,,,PRESSO BUCAP,,0,[]
9346,63248,16091,63248,ROME,ITALY,ENGINEERING,PRJ010,EVT+10Y,ENGINEERING ADMINISTRATION,2020-01-01T00:00:00,2020-12-31T00:00:00,2432,"PETROCARABOBO UPGRADER (200,000 BPSD)",AG-PG,PROJECT CLOSED,2021-01-01T00:00:00,3650,2030-12-30T00:00:00,CONFIDENTIAL,,,PRESSO BUCAP,,0,[]
9348,63252,16093,63252,ROME,ITALY,ENGINEERING,PRJ010,EVT+10Y,ENGINEERING ADMINISTRATION,2020-01-01T00:00:00,2020-12-31T00:00:00,2436,"PETROCARABOBO UPGRADER (200,000 BPSD)",AG-PG,PROJECT CLOSED,2021-01-01T00:00:00,3650,2030-12-30T00:00:00,CONFIDENTIAL,,,PRESSO BUCAP,,0,[]
9364,32973,8118,32973,,,,,,,,,,,,,,0,,,,,PRESSO BUCAP,,0,[]
9407,31880,12761,31880,,,,,,,,,,,,,,0,,,,,PRESSO BUCAP,,0,[]
9470,45373,7835,45373,,,,,,,,,,,,,,0,,,,,PRESSO BUCAP,,0,[]
9479,32899,12765,32899,,,,,,,,,,,,,,0,,,,,PRESSO BUCAP,,0,[]
9498,63100,18185,63100,,,,,,,,,,,,,,0,,,,,PRESSO BUCAP,,0,[]
9515,32895,9339,32895,,,,,,,,,,,,,,0,,,,,PRESSO BUCAP,,0,[]
9526,45383,6600,45383,,,,,,,,,,,,,,0,,,,,PRESSO BUCAP,,0,[]
9543,60765,10168,60765,,,,,,,,,,,,,,0,,,,,PRESSO BUCAP,,0,[]
9566,60764,10169,60764,,,,,,,,,,,,,,0,,,,,PRESSO BUCAP,,0,[]
9569,32929,8073,32929,,,,,,,,,,,,,,0,,,,,PRESSO BUCAP,,0,[]
9588,63094,18186,63094,,,,,,,,,,,,,,0,,,,,PRESSO BUCAP,,0,[]
9605,63101,18187,63101,,,,,,,,,,,,,,0,,,,,PRESSO BUCAP,,0,[]
9612,45357,7895,45357,,,,,,,,,,,,,,0,,,,,PRESSO BUCAP,,0,[]
9622,60772,10170,60772,,,,,,,,,,,,,,0,,,,,PRESSO BUCAP,,0,[]
9641,60746,10171,60746,,,,,,,,,,,,,,0,,,,,PRESSO BUCAP,,0,[]
9660,60751,10172,60751,,,,,,,,,,,,,,0,,,,,PRESSO BUCAP,,0,[]
9686,47552,16185,47552,,,,,,,,,,,,,,0,,,,,PRESSO BUCAP,,0,[]
9692,47546,16191,47546,,,,,,,,,,,,,,0,,,,,PRESSO BUCAP,,0,[]
9703,47549,16197,47549,,,,,,,,,,,,,,0,,,,,PRESSO BUCAP,,0,[]
9707,63101,18188,63101,,,,,,,,,,,,,,0,,,,,PRESSO BUCAP,,0,[]
9712,31855,9530,31855,,,,,,,,,,,,,,0,,,,,PRESSO BUCAP,,0,[]
9733,31874,9560,31874,,,,,,,,,,,,,,0,,,,,PRESSO BUCAP,,0,[]
9748,63095,18189,63095,,,,,,,,,,,,,,0,,,,,PRESSO BUCAP,,0,[]
9749,60758,10173,60758,,,,,,,,,,,,,,0,,,,,PRESSO BUCAP,,0,[]
9786,63091,18190,63091,,,,,,,,,,,,,,0,,,,,PRESSO BUCAP,,0,[]
9804,60754,10174,60754,,,,,,,,,,,,,,0,,,,,PRESSO BUCAP,,0,[]
9805,60768,10175,60768,,,,,,,,,,,,,,0,,,,,PRESSO BUCAP,,0,[]
9821,63098,18191,63098,,,,,,,,,,,,,,0,,,,,PRESSO BUCAP,,0,[]
9822,60766,10176,60766,,,,,,,,,,,,,,0,,,,,PRESSO BUCAP,,0,[]
9824,45680,9633,45680,,,,,,,,,,,,,,0,,,,,PRESSO BUCAP,,0,[]
9840,63092,18192,63092,,,,,,,,,,,,,,0,,,,,PRESSO BUCAP,,0,[]
9841,60756,10177,60756,,,,,,,,,,,,,,0,,,,,PRESSO BUCAP,,0,[]
9855,63099,18193,63099,,,,,,,,,,,,,,0,,,,,PRESSO BUCAP,,0,[]
9866,45375,16308,45375,,,,,,,,,,,,,,0,,,,,PRESSO BUCAP,,0,[]
9908,32974,9732,32974,,,,,,,,,,,,,,0,,,,,PRESSO BUCAP,,0,[]
9914,31915,9737,31915,,,,,,,,,,,,,,0,,,,,PRESSO BUCAP,,0,[]
9931,31861,9755,31861,,,,,,,,,,,,,,0,,,,,PRESSO BUCAP,,0,[]
9933,31857,9757,31857,,,,,,,,,,,,,,0,,,,,PRESSO BUCAP,,0,[]
9979,61763,17429,61763,,,,,,,,,,,,,,0,,,,,PRESSO BUCAP,,0,[]
9988,45365,9811,45365,,,,,,,,,,,,,,0,,,,,PRESSO BUCAP,,0,[]
10018,17203,9841,17203,,,,,,,,,,,,,,0,,,,,PRESSO BUCAP,,0,[]
10027,13334,9850,13334,,,,,,,,,,,,,,0,,,,,PRESSO BUCAP,,0,[]
10049,34056,9872,34056,,,,,,,,,,,,,,0,,,,,PRESSO BUCAP,,0,[]
10066,60773,10158,60773,,,,,,,,,,,,,,0,,,,,PRESSO BUCAP,,0,[]
10101,60755,10159,60755,,,,,,,,,,,,,,0,,,,,PRESSO BUCAP,,0,[]
10108,17300,9930,17300,,,,,,,,,,,,,,0,,,,,PRESSO BUCAP,,0,[]
10135,63099,18194,63099,,,,,,,,,,,,,,0,,,,,PRESSO BUCAP,,0,[]
10136,26173,9955,26173,,,,,,,,,,,,,,0,,,,,PRESSO BUCAP,,0,[]
10152,34065,9976,34065,,,,,,,,,,,,,,0,,,,,PRESSO BUCAP,,0,[]
10157,45190,16341,45190,,,,,,,,,,,,,,0,,,,,PRESSO BUCAP,,0,[]
10169,60748,10160,60748,,,,,,,,,,,,,,0,,,,,PRESSO BUCAP,,0,[]
10187,60767,10161,60767,,,,,,,,,,,,,,0,,,,,PRESSO BUCAP,,0,[]
10197,45305,16378,45305,,,,,,,,,,,,,,0,,,,,PRESSO BUCAP,,0,[]
10202,60753,10162,60753,,,,,,,,,,,,,,0,,,,,PRESSO BUCAP,,0,[]
10208,61762,17431,61762,,,,,,,,,,,,,,0,,,,,PRESSO BUCAP,,0,[]
10252,60762,10163,60762,,,,,,,,,,,,,,0,,,,,PRESSO BUCAP,,0,[]
10268,60761,10164,60761,,,,,,,,,,,,,,0,,,,,PRESSO BUCAP,,0,[]
10285,60745,10165,60745,,,,,,,,,,,,,,0,,,,,PRESSO BUCAP,,0,[]
10296,60757,10119,60757,,,,,,,,,,,,,,0,,,,,PRESSO BUCAP,,0,[]
10302,60759,10166,60759,,,,,,,,,,,,,,0,,,,,PRESSO BUCAP,,0,[]
10303,60760,10167,60760,,,,,,,,,,,,,,0,,,,,PRESSO BUCAP,,0,[]
10336,60747,10157,60747,,,,,,,,,,,,,,0,,,,,PRESSO BUCAP,,0,[]
10337,60771,10178,60771,,,,,,,,,,,,,,0,,,,,PRESSO BUCAP,,0,[]
10338,60750,10179,60750,,,,,,,,,,,,,,0,,,,,PRESSO BUCAP,,0,[]
10339,60763,10180,60763,,,,,,,,,,,,,,0,,,,,PRESSO BUCAP,,0,[]
10340,60769,10181,60769,,,,,,,,,,,,,,0,,,,,PRESSO BUCAP,,0,[]
10367,32962,10208,32962,,,,,,,,,,,,,,0,,,,,PRESSO BUCAP,,0,[]
10554,40541,10388,40541,,,,,,,,,,,,,,0,,,,,PRESSO BUCAP,,0,[]
10618,60770,10452,60770,,,,,,,,,,,,,,0,,,,,PRESSO BUCAP,,0,[]
10620,60752,10454,60752,,,,,,,,,,,,,,0,,,,,PRESSO BUCAP,,0,[]
10671,45362,6841,45362,,,,,,,,,,,,,,0,,,,,PRESSO BUCAP,,0,[]
10738,26165,6757,26165,,,,,,,,,,,,,,0,,,,,PRESSO BUCAP,,0,[]
10792,31875,6676,31875,,,,,,,,,,,,,,0,,,,,PRESSO BUCAP,,0,[]
10877,32950,5340,32950,,,,,,,,,,,,,,0,,,,,PRESSO BUCAP,,0,[]
10940,16832,9431,16832,,,,,,,,,,,,,,0,,,,,PRESSO BUCAP,,0,[]
10980,45363,6454,45363,,,,,,,,,,,,,,0,,,,,PRESSO BUCAP,,0,[]
10981,45296,8716,45296,,,,,,,,,,,,,,0,,,,,PRESSO BUCAP,,0,[]
11031,45271,8523,45271,,,,,,,,,,,,,,0,,,,,PRESSO BUCAP,,0,[]
11146,32914,8221,32914,,,,,,,,,,,,,,0,,,,,PRESSO BUCAP,,0,[]
11147,34055,8222,34055,,,,,,,,,,,,,,0,,,,,PRESSO BUCAP,,0,[]
11207,17116,6381,17116,,,,,,,,,,,,,,0,,,,,PRESSO BUCAP,,0,[]
11246,12865,9228,12865,,,,,,,,,,,,,,0,,,,,PRESSO BUCAP,,0,[]
11266,34066,8369,34066,,,,,,,,,,,,,,0,,,,,PRESSO BUCAP,,0,[]
11306,33944,5351,33944,,,,,,,,,,,,,,0,,,,,PRESSO BUCAP,,0,[]
11307,33941,5352,33941,,,,,,,,,,,,,,0,,,,,PRESSO BUCAP,,0,[]
11308,33939,5353,33939,,,,,,,,,,,,,,0,,,,,PRESSO BUCAP,,0,[]
11309,33943,5354,33943,,,,,,,,,,,,,,0,,,,,PRESSO BUCAP,,0,[]
11350,32922,6492,32922,,,,,,,,,,,,,,0,,,,,PRESSO BUCAP,,0,[]
11355,32937,6497,32937,,,,,,,,,,,,,,0,,,,,PRESSO BUCAP,,0,[]
11366,45259,10483,45259,,,,,,,,,,,,,,0,,,,,PRESSO BUCAP,,0,[]
11442,16501,8533,16501,,,,,,,,,,,,,,0,,,,,PRESSO BUCAP,,0,[]
11497,45285,8348,45285,,,,,,,,,,,,,,0,,,,,PRESSO BUCAP,,0,[]
11508,38677,8314,38677,,,,,,,,,,,,,,0,,,,,PRESSO BUCAP,,0,[]
11534,17418,6405,17418,,,,,,,,,,,,,,0,,,,,PRESSO BUCAP,,0,[]
11536,17110,6407,17110,,,,,,,,,,,,,,0,,,,,PRESSO BUCAP,,0,[]
11537,17451,6408,17451,,,,,,,,,,,,,,0,,,,,PRESSO BUCAP,,0,[]
11538,17520,6409,17520,,,,,,,,,,,,,,0,,,,,PRESSO BUCAP,,0,[]
11540,17128,6411,17128,,,,,,,,,,,,,,0,,,,,PRESSO BUCAP,,0,[]
11544,16644,6416,16644,,,,,,,,,,,,,,0,,,,,PRESSO BUCAP,,0,[]
11548,17273,6363,17273,,,,,,,,,,,,,,0,,,,,PRESSO BUCAP,,0,[]
11556,17397,6371,17397,,,,,,,,,,,,,,0,,,,,PRESSO BUCAP,,0,[]
11611,32900,10533,32900,,,,,,,,,,,,,,0,,,,,PRESSO BUCAP,,0,[]
11624,34057,8427,34057,,,,,,,,,,,,,,0,,,,,PRESSO BUCAP,,0,[]
11659,17593,6330,17593,,,,,,,,,,,,,,0,,,,,PRESSO BUCAP,,0,[]
11711,45679,9226,45679,,,,,,,,,,,,,,0,,,,,PRESSO BUCAP,,0,[]
11736,45256,10491,45256,,,,,,,,,,,,,,0,,,,,PRESSO BUCAP,,0,[]
11786,31853,10540,31853,,,,,,,,,,,,,,0,,,,,PRESSO BUCAP,,0,[]
11806,32885,10559,32885,,,,,,,,,,,,,,0,,,,,PRESSO BUCAP,,0,[]
11809,32909,10562,32909,,,,,,,,,,,,,,0,,,,,PRESSO BUCAP,,0,[]
11831,45678,10585,45678,,,,,,,,,,,,,,0,,,,,PRESSO BUCAP,,0,[]
11863,32947,10617,32947,,,,,,,,,,,,,,0,,,,,PRESSO BUCAP,,0,[]
11972,32972,10726,32972,,,,,,,,,,,,,,0,,,,,PRESSO BUCAP,,0,[]
11973,32972,10727,32972,,,,,,,,,,,,,,0,,,,,PRESSO BUCAP,,0,[]
12078,40167,10845,40167,,,,,,,,,,,,,,0,,,,,PRESSO BUCAP,,0,[]
12079,40167,10846,40167,,,,,,,,,,,,,,0,,,,,PRESSO BUCAP,,0,[]
12339,32912,11106,32912,,,,,,,,,,,,,,0,,,,,PRESSO BUCAP,,0,[]
12340,32912,11107,32912,,,,,,,,,,,,,,0,,,,,PRESSO BUCAP,,0,[]
12518,40307,14649,40307,,,,,,,,,,,,,,0,,,,,PRESSO BUCAP,,0,[]
12562,17295,11324,17295,,,,,,,,,,,,,,0,,,,,PRESSO BUCAP,,0,[]
12563,17295,11325,17295,,,,,,,,,,,,,,0,,,,,PRESSO BUCAP,,0,[]
12605,61786,14837,61786,,,,,,,,,,,,,,0,,,,,PRESSO BUCAP,,0,[]
12625,63240,15071,63240,,,,,,,,,,,,,,0,,,,,PRESSO BUCAP,,0,[]
12694,61758,15072,61758,,,,,,,,,,,,,,0,,,,,PRESSO BUCAP,,0,[]
12695,63244,15073,63244,,,,,,,,,,,,,,0,,,,,PRESSO BUCAP,,0,[]
12753,14044,11535,14044,,,,,,,,,,,,,,0,,,,,PRESSO BUCAP,,0,[]
12777,20475,16547,20475,,,,,,,,,,,,,,0,,,,,PRESSO BUCAP,,0,[]
12783,45303,11555,45303,,,,,,,,,,,,,,0,,,,,PRESSO BUCAP,,0,[]
12786,26195,11558,26195,,,,,,,,,,,,,,0,,,,,PRESSO BUCAP,,0,[]
12791,63191,17419,63191,,,,,,,,,,,,,,0,,,,,PRESSO BUCAP,,0,[]
12792,63244,15074,63244,,,,,,,,,,,,,,0,,,,,PRESSO BUCAP,,0,[]
12798,20138,15080,20138,,,,,,,,,,,,,,0,,,,,PRESSO BUCAP,,0,[]
12818,45273,16561,45273,,,,,,,,,,,,,,0,,,,,PRESSO BUCAP,,0,[]
12853,61650,16588,61650,,,,,,,,,,,,,,0,,,,,PRESSO BUCAP,,0,[]
12859,26160,11615,26160,,,,,,,,,,,,,,0,,,,,PRESSO BUCAP,,0,[]
12861,63220,17421,63220,,,,,,,,,,,,,,0,,,,,PRESSO BUCAP,,0,[]
12892,45684,20526,45684,,,,,,,,,,,,,,0,,,,,PRESSO BUCAP,,0,[]
12893,45364,20527,45364,,,,,,,,,,,,,,0,,,,,PRESSO BUCAP,,0,[]
12915,45277,13692,45277,,,,,,,,,,,,,,0,,,,,PRESSO BUCAP,,0,[]
12917,45688,20547,45688,,,,,,,,,,,,,,0,,,,,PRESSO BUCAP,,0,[]
12918,32971,20548,32971,,,,,,,,,,,,,,0,,,,,PRESSO BUCAP,,0,[]
12925,17718,20555,17718,,,,,,,,,,,,,,0,,,,,PRESSO BUCAP,,0,[]
12979,63196,17423,63196,,,,,,,,,,,,,,0,,,,,PRESSO BUCAP,,0,[]
13006,14626,11881,14626,,,,,,,,,,,,,,0,,,,,PRESSO BUCAP,,0,[]
13021,63272,18930,63272,,,,,,,,,,,,,,0,,,,,PRESSO BUCAP,,0,[]
13022,63272,18931,63272,ROME,ITALY,ENGINEERING,PRJ010,EVT+10Y,ENGINEERING ADMINISTRATION,2020-01-01T00:00:00,2020-12-31T00:00:00,2544,GRASSROOTS PHARMACEUTICAL SPECIALTIES PLANT - 1ST & 2ND PHASES,AG-PG,PROJECT CLOSED,2021-01-01T00:00:00,3650,2030-12-30T00:00:00,CONFIDENTIAL,,,PRESSO BUCAP,,0,[]
13024,63307,18933,63307,,,,,,,,,,,,,,0,,,,,PRESSO BUCAP,,0,[]
13025,63307,18934,63307,ROME,ITALY,ENGINEERING,PRJ010,EVT+10Y,ENGINEERING ADMINISTRATION,2020-01-01T00:00:00,2020-12-31T00:00:00,2554,GRASSROOTS PHARMACEUTICAL SPECIALTIES PLANT - 1ST & 2ND PHASES,AG-PG,PROJECT CLOSED,2021-01-01T00:00:00,3650,2030-12-30T00:00:00,CONFIDENTIAL,,,PRESSO BUCAP,,0,[]
13026,63303,18935,63303,ROME,ITALY,ENGINEERING,PRJ010,EVT+10Y,ENGINEERING ADMINISTRATION,2020-01-01T00:00:00,2020-12-31T00:00:00,2554,GRASSROOTS PHARMACEUTICAL SPECIALTIES PLANT - 1ST & 2ND PHASES,AG-PG,PROJECT CLOSED,2021-01-01T00:00:00,3650,2030-12-30T00:00:00,CONFIDENTIAL,,,PRESSO BUCAP,,0,[]
13027,63303,18936,63303,,,,,,,,,,,,,,0,,,,,PRESSO BUCAP,,0,[]
13031,47879,19114,47879,,,,,,,,,,,,,,0,,,,,PRESSO BUCAP,,0,[]
13045,61658,16665,61658,,,,,,,,,,,,,,0,,,,,PRESSO BUCAP,,0,[]
13046,61653,16666,61653,,,,,,,,,,,,,,0,,,,,PRESSO BUCAP,,0,[]
13048,61655,16668,61655,,,,,,,,,,,,,,0,,,,,PRESSO BUCAP,,0,[]
13050,61647,16670,61647,,,,,,,,,,,,,,0,,,,,PRESSO BUCAP,,0,[]
13052,61661,16672,61661,,,,,,,,,,,,,,0,,,,,PRESSO BUCAP,,0,[]
13054,61656,16674,61656,,,,,,,,,,,,,,0,,,,,PRESSO BUCAP,,0,[]
13056,61663,16676,61663,,,,,,,,,,,,,,0,,,,,PRESSO BUCAP,,0,[]
13058,61664,16678,61664,,,,,,,,,,,,,,0,,,,,PRESSO BUCAP,,0,[]
13060,61659,16680,61659,,,,,,,,,,,,,,0,,,,,PRESSO BUCAP,,0,[]
13066,61646,16686,61646,,,,,,,,,,,,,,0,,,,,PRESSO BUCAP,,0,[]
13155,63007,17479,63007,,,,,,,,,,,,,,0,,,,,PRESSO BUCAP,,0,[]
13159,63016,17481,63016,,,,,,,,,,,,,,0,,,,,PRESSO BUCAP,,0,[]
13163,63211,14983,63211,,,,,,,,,,,,,,0,,,,,PRESSO BUCAP,,0,[]
13267,45272,12646,45272,,,,,,,,,,,,,,0,,,,,PRESSO BUCAP,,0,[]
13269,34069,12648,34069,,,,,,,,,,,,,,0,,,,,PRESSO BUCAP,,0,[]
13339,45269,12877,45269,,,,,,,,,,,,,,0,,,,,PRESSO BUCAP,,0,[]
13344,45302,12882,45302,,,,,,,,,,,,,,0,,,,,PRESSO BUCAP,,0,[]
13365,45381,8626,45381,,,,,,,,,,,,,,0,,,,,PRESSO BUCAP,,0,[]
13368,63211,14984,63211,,,,,,,,,,,,,,0,,,,,PRESSO BUCAP,,0,[]
13380,32920,12449,32920,,,,,,,,,,,,,,0,,,,,PRESSO BUCAP,,0,[]
13387,32890,12456,32890,,,,,,,,,,,,,,0,,,,,PRESSO BUCAP,,0,[]
13398,34068,12467,34068,,,,,,,,,,,,,,0,,,,,PRESSO BUCAP,,0,[]
13403,63209,14985,63209,,,,,,,,,,,,,,0,,,,,PRESSO BUCAP,,0,[]
13506,46458,7962,46458,,,,,,,,,,,,,,0,,,,,PRESSO BUCAP,,0,[]
13533,26193,8642,26193,,,,,,,,,,,,,,0,,,,,PRESSO BUCAP,,0,[]
13559,45377,8284,45377,,,,,,,,,,,,,,0,,,,,PRESSO BUCAP,,0,[]
13600,34047,16813,34047,,,,,,,,,,,,,,0,,,,,PRESSO BUCAP,,0,[]
13724,63207,14986,63207,,,,,,,,,,,,,,0,,,,,PRESSO BUCAP,,0,[]
13779,63216,14987,63216,,,,,,,,,,,,,,0,,,,,PRESSO BUCAP,,0,[]
13819,34054,13151,34054,,,,,,,,,,,,,,0,,,,,PRESSO BUCAP,,0,[]
13820,34054,13152,34054,,,,,,,,,,,,,,0,,,,,PRESSO BUCAP,,0,[]
13833,63231,14988,63231,,,,,,,,,,,,,,0,,,,,PRESSO BUCAP,,0,[]
13911,63004,17483,63004,,,,,,,,,,,,,,0,,,,,PRESSO BUCAP,,0,[]
13918,45287,13259,45287,,,,,,,,,,,,,,0,,,,,PRESSO BUCAP,,0,[]
13919,45287,13260,45287,,,,,,,,,,,,,,0,,,,,PRESSO BUCAP,,0,[]
13927,45313,13268,45313,,,,,,,,,,,,,,0,,,,,PRESSO BUCAP,,0,[]
13928,45313,13269,45313,,,,,,,,,,,,,,0,,,,,PRESSO BUCAP,,0,[]
13937,19417,13278,19417,,,,,,,,,,,,,,0,,,,,PRESSO BUCAP,,0,[]
13938,19417,13279,19417,,,,,,,,,,,,,,0,,,,,PRESSO BUCAP,,0,[]
13948,26166,9561,26166,,,,,,,,,,,,,,0,,,,,PRESSO BUCAP,,0,[]
13963,31867,13303,31867,,,,,,,,,,,,,,0,,,,,PRESSO BUCAP,,0,[]
13964,31867,13304,31867,,,,,,,,,,,,,,0,,,,,PRESSO BUCAP,,0,[]
13987,40485,13326,40485,,,,,,,,,,,,,,0,,,,,PRESSO BUCAP,,0,[]
13988,40485,13327,40485,,,,,,,,,,,,,,0,,,,,PRESSO BUCAP,,0,[]
13990,40499,13329,40499,,,,,,,,,,,,,,0,,,,,PRESSO BUCAP,,0,[]
13991,40499,13330,40499,,,,,,,,,,,,,,0,,,,,PRESSO BUCAP,,0,[]
13997,32905,13336,32905,,,,,,,,,,,,,,0,,,,,PRESSO BUCAP,,0,[]
13998,32905,13337,32905,,,,,,,,,,,,,,0,,,,,PRESSO BUCAP,,0,[]
14002,40544,13341,40544,,,,,,,,,,,,,,0,,,,,PRESSO BUCAP,,0,[]
14003,40544,13342,40544,,,,,,,,,,,,,,0,,,,,PRESSO BUCAP,,0,[]
14004,40497,13343,40497,,,,,,,,,,,,,,0,,,,,PRESSO BUCAP,,0,[]
14005,40497,13344,40497,,,,,,,,,,,,,,0,,,,,PRESSO BUCAP,,0,[]
14006,40484,13345,40484,,,,,,,,,,,,,,0,,,,,PRESSO BUCAP,,0,[]
14007,40484,13346,40484,,,,,,,,,,,,,,0,,,,,PRESSO BUCAP,,0,[]
14040,45685,13393,45685,,,,,,,,,,,,,,0,,,,,PRESSO BUCAP,,0,[]
14057,32980,12311,32980,,,,,,,,,,,,,,0,,,,,PRESSO BUCAP,,0,[]
14059,31913,13411,31913,,,,,,,,,,,,,,0,,,,,PRESSO BUCAP,,0,[]
14073,45354,13425,45354,,,,,,,,,,,,,,0,,,,,PRESSO BUCAP,,0,[]
14075,45309,12312,45309,,,,,,,,,,,,,,0,,,,,PRESSO BUCAP,,0,[]
14079,26170,13430,26170,,,,,,,,,,,,,,0,,,,,PRESSO BUCAP,,0,[]
14091,34048,13442,34048,,,,,,,,,,,,,,0,,,,,PRESSO BUCAP,,0,[]
14096,26180,13446,26180,,,,,,,,,,,,,,0,,,,,PRESSO BUCAP,,0,[]
14099,32913,13449,32913,,,,,,,,,,,,,,0,,,,,PRESSO BUCAP,,0,[]
14101,45293,13451,45293,,,,,,,,,,,,,,0,,,,,PRESSO BUCAP,,0,[]
14164,45278,13517,45278,,,,,,,,,,,,,,0,,,,,PRESSO BUCAP,,0,[]
14216,26164,13570,26164,,,,,,,,,,,,,,0,,,,,PRESSO BUCAP,,0,[]
14267,45681,12635,45681,,,,,,,,,,,,,,0,,,,,PRESSO BUCAP,,0,[]
14297,45374,12592,45374,,,,,,,,,,,,,,0,,,,,PRESSO BUCAP,,0,[]
14335,31877,12694,31877,,,,,,,,,,,,,,0,,,,,PRESSO BUCAP,,0,[]
14358,22249,16826,22249,,,,,,,,,,,,,,0,,,,,PRESSO BUCAP,,0,[]
14417,45262,12684,45262,,,,,,,,,,,,,,0,,,,,PRESSO BUCAP,,0,[]
14485,32957,8086,32957,,,,,,,,,,,,,,0,,,,,PRESSO BUCAP,,0,[]
14493,45275,16836,45275,,,,,,,,,,,,,,0,,,,,PRESSO BUCAP,,0,[]
14534,32911,9500,32911,,,,,,,,,,,,,,0,,,,,PRESSO BUCAP,,0,[]
14578,34059,12826,34059,,,,,,,,,,,,,,0,,,,,PRESSO BUCAP,,0,[]
14667,26168,9536,26168,,,,,,,,,,,,,,0,,,,,PRESSO BUCAP,,0,[]
14670,26186,9539,26186,,,,,,,,,,,,,,0,,,,,PRESSO BUCAP,,0,[]
14755,45263,8466,45263,,,,,,,,,,,,,,0,,,,,PRESSO BUCAP,,0,[]
14762,32892,8014,32892,,,,,,,,,,,,,,0,,,,,PRESSO BUCAP,,0,[]
14878,34063,7985,34063,,,,,,,,,,,,,,0,,,,,PRESSO BUCAP,,0,[]
14894,31862,8067,31862,,,,,,,,,,,,,,0,,,,,PRESSO BUCAP,,0,[]
14922,38679,8031,38679,,,,,,,,,,,,,,0,,,,,PRESSO BUCAP,,0,[]
14979,63021,17485,63021,,,,,,,,,,,,,,0,,,,,PRESSO BUCAP,,0,[]
14993,45291,16895,45291,,,,,,,,,,,,,,0,,,,,PRESSO BUCAP,,0,[]
14994,26177,13709,26177,,,,,,,,,,,,,,0,,,,,PRESSO BUCAP,,0,[]
14996,31869,16897,31869,,,,,,,,,,,,,,0,,,,,PRESSO BUCAP,,0,[]
15062,63020,17487,63020,,,,,,,,,,,,,,0,,,,,PRESSO BUCAP,,0,[]
15103,45286,13710,45286,,,,,,,,,,,,,,0,,,,,PRESSO BUCAP,,0,[]
15105,17735,20570,17735,,,,,,,,,,,,,,0,,,,,PRESSO BUCAP,,0,[]
15113,17661,20578,17661,,,,,,,,,,,,,,0,,,,,PRESSO BUCAP,,0,[]
15114,14301,20579,14301,,,,,,,,,,,,,,0,,,,,PRESSO BUCAP,,0,[]
15120,63227,14989,63227,,,,,,,,,,,,,,0,,,,,PRESSO BUCAP,,0,[]
15121,63227,14990,63227,,,,,,,,,,,,,,0,,,,,PRESSO BUCAP,,0,[]
15122,63183,14991,63183,,,,,,,,,,,,,,0,,,,,PRESSO BUCAP,,0,[]
15123,63183,14992,63183,,,,,,,,,,,,,,0,,,,,PRESSO BUCAP,,0,[]
15124,61761,14993,61761,,,,,,,,,,,,,,0,,,,,PRESSO BUCAP,,0,[]
15125,61761,14994,61761,,,,,,,,,,,,,,0,,,,,PRESSO BUCAP,,0,[]
15131,31236,16980,31236,,,,,,,,,,,,,,0,,,,,PRESSO BUCAP,,0,[]
15132,31101,16981,31101,,,,,,,,,,,,,,0,,,,,PRESSO BUCAP,,0,[]
15137,31239,16986,31239,,,,,,,,,,,,,,0,,,,,PRESSO BUCAP,,0,[]
15138,31237,16987,31237,,,,,,,,,,,,,,0,,,,,PRESSO BUCAP,,0,[]
15150,31110,16999,31110,,,,,,,,,,,,,,0,,,,,PRESSO BUCAP,,0,[]
15152,31235,17001,31235,,,,,,,,,,,,,,0,,,,,PRESSO BUCAP,,0,[]
15186,61412,17656,61412,,,,,,,,,,,,,,0,,,,,PRESSO BUCAP,,0,[]
15206,61412,17657,61412,,,,,,,,,,,,,,0,,,,,PRESSO BUCAP,,0,[]
15224,61414,17680,61414,,,,,,,,,,,,,,0,,,,,PRESSO BUCAP,,0,[]
15231,63089,17063,63089,,,,,,,,,,,,,,0,,,,,PRESSO BUCAP,,0,[]
15233,63090,17065,63090,,,,,,,,,,,,,,0,,,,,PRESSO BUCAP,,0,[]
15235,63087,17067,63087,,,,,,,,,,,,,,0,,,,,PRESSO BUCAP,,0,[]
15237,63088,17069,63088,,,,,,,,,,,,,,0,,,,,PRESSO BUCAP,,0,[]
15239,63081,17071,63081,,,,,,,,,,,,,,0,,,,,PRESSO BUCAP,,0,[]
15242,63073,17073,63073,,,,,,,,,,,,,,0,,,,,PRESSO BUCAP,,0,[]
15244,63080,17075,63080,,,,,,,,,,,,,,0,,,,,PRESSO BUCAP,,0,[]
15246,63082,17077,63082,,,,,,,,,,,,,,0,,,,,PRESSO BUCAP,,0,[]
15259,34070,12304,34070,,,,,,,,,,,,,,0,,,,,PRESSO BUCAP,,0,[]
15300,26171,9031,26171,,,,,,,,,,,,,,0,,,,,PRESSO BUCAP,,0,[]
15307,26167,9038,26167,,,,,,,,,,,,,,0,,,,,PRESSO BUCAP,,0,[]
15342,32923,8875,32923,,,,,,,,,,,,,,0,,,,,PRESSO BUCAP,,0,[]
15366,63084,17079,63084,,,,,,,,,,,,,,0,,,,,PRESSO BUCAP,,0,[]
15368,63085,17081,63085,,,,,,,,,,,,,,0,,,,,PRESSO BUCAP,,0,[]
15416,63175,14995,63175,,,,,,,,,,,,,,0,,,,,PRESSO BUCAP,,0,[]
15432,63225,14996,63225,,,,,,,,,,,,,,0,,,,,PRESSO BUCAP,,0,[]
15466,63225,14997,63225,,,,,,,,,,,,,,0,,,,,PRESSO BUCAP,,0,[]
15515,63181,14998,63181,,,,,,,,,,,,,,0,,,,,PRESSO BUCAP,,0,[]
15533,15821,11929,15821,,,,,,,,,,,,,,0,,,,,PRESSO BUCAP,,0,[]
15540,63086,17083,63086,,,,,,,,,,,,,,0,,,,,PRESSO BUCAP,,0,[]
15542,63083,17085,63083,,,,,,,,,,,,,,0,,,,,PRESSO BUCAP,,0,[]
15544,63076,17087,63076,,,,,,,,,,,,,,0,,,,,PRESSO BUCAP,,0,[]
15546,63072,17089,63072,,,,,,,,,,,,,,0,,,,,PRESSO BUCAP,,0,[]
15548,63075,17091,63075,,,,,,,,,,,,,,0,,,,,PRESSO BUCAP,,0,[]
15625,45317,11563,45317,,,,,,,,,,,,,,0,,,,,PRESSO BUCAP,,0,[]
15628,31856,11517,31856,,,,,,,,,,,,,,0,,,,,PRESSO BUCAP,,0,[]
15647,45358,11544,45358,,,,,,,,,,,,,,0,,,,,PRESSO BUCAP,,0,[]
15648,21185,11545,21185,,,,,,,,,,,,,,0,,,,,PRESSO BUCAP,,0,[]
15669,45281,13677,45281,,,,,,,,,,,,,,0,,,,,PRESSO BUCAP,,0,[]
15812,45257,11611,45257,,,,,,,,,,,,,,0,,,,,PRESSO BUCAP,,0,[]
15816,32977,11616,32977,,,,,,,,,,,,,,0,,,,,PRESSO BUCAP,,0,[]
15864,63181,14999,63181,,,,,,,,,,,,,,0,,,,,PRESSO BUCAP,,0,[]
15897,63238,15000,63238,,,,,,,,,,,,,,0,,,,,PRESSO BUCAP,,0,[]
15916,63238,15001,63238,,,,,,,,,,,,,,0,,,,,PRESSO BUCAP,,0,[]
15927,45379,13751,45379,,,,,,,,,,,,,,0,,,,,PRESSO BUCAP,,0,[]
15933,63173,15002,63173,,,,,,,,,,,,,,0,,,,,PRESSO BUCAP,,0,[]
15950,63230,15003,63230,,,,,,,,,,,,,,0,,,,,PRESSO BUCAP,,0,[]
15965,32945,12199,32945,,,,,,,,,,,,,,0,,,,,PRESSO BUCAP,,0,[]
16019,61760,17425,61760,,,,,,,,,,,,,,0,,,,,PRESSO BUCAP,,0,[]
16049,32961,8003,32961,,,,,,,,,,,,,,0,,,,,PRESSO BUCAP,,0,[]
16089,13973,14003,13973,,,,,,,,,,,,,,0,,,,,PRESSO BUCAP,,0,[]
16093,63230,15004,63230,,,,,,,,,,,,,,0,,,,,PRESSO BUCAP,,0,[]
16240,63275,14175,63275,ROME,ITALY,ENGINEERING,PRJ010,EVT+10Y,ENGINEERING ADMINISTRATION,2020-01-01T00:00:00,2020-12-31T00:00:00,2408,ETILENO XXI PROJECT - F.E.E.D.,AG-PG,PROJECT CLOSED,2021-01-01T00:00:00,3650,2030-12-30T00:00:00,CONFIDENTIAL,,,PRESSO BUCAP,,0,[]
16241,63275,14176,63275,,,,,,,,,,,,,,0,,,,,PRESSO BUCAP,,0,[]
16242,63285,14177,63285,,,,,,,,,,,,,,0,,,,,PRESSO BUCAP,,0,[]
16243,63285,14178,63285,ROME,ITALY,ENGINEERING,PRJ010,EVT+10Y,ENGINEERING ADMINISTRATION,2020-01-01T00:00:00,2020-12-31T00:00:00,2544,GRASSROOTS PHARMACEUTICAL SPECIALTIES PLANT - 1ST & 2ND PHASES,AG-PG,PROJECT CLOSED,2021-01-01T00:00:00,3650,2030-12-30T00:00:00,CONFIDENTIAL,,,PRESSO BUCAP,,0,[]
16244,63298,14179,63298,,,,,,,,,,,,,,0,,,,,PRESSO BUCAP,,0,[]
16245,63298,14180,63298,ROME,ITALY,ENGINEERING,PRJ010,EVT+10Y,ENGINEERING ADMINISTRATION,2020-01-01T00:00:00,2020-12-31T00:00:00,2554,GRASSROOTS PHARMACEUTICAL SPECIALTIES PLANT - 1ST & 2ND PHASES,AG-PG,PROJECT CLOSED,2021-01-01T00:00:00,3650,2030-12-30T00:00:00,CONFIDENTIAL,,,PRESSO BUCAP,,0,[]
16246,63270,14182,63270,ROME,ITALY,ENGINEERING,PRJ010,EVT+10Y,ENGINEERING ADMINISTRATION,2020-01-01T00:00:00,2020-12-31T00:00:00,2544,GRASSROOTS PHARMACEUTICAL SPECIALTIES PLANT - 1ST & 2ND PHASES,AG-PG,PROJECT CLOSED,2021-01-01T00:00:00,3650,2030-12-30T00:00:00,CONFIDENTIAL,,,PRESSO BUCAP,,0,[]
16247,63274,14183,63274,,,,,,,,,,,,,,0,,,,,PRESSO BUCAP,,0,[]
16248,63274,14184,63274,ROME,ITALY,ENGINEERING,PRJ010,EVT+10Y,ENGINEERING ADMINISTRATION,2020-01-01T00:00:00,2020-12-31T00:00:00,2408,ETILENO XXI PROJECT - F.E.E.D.,AG-PG,PROJECT CLOSED,2021-01-01T00:00:00,3650,2030-12-30T00:00:00,CONFIDENTIAL,,,PRESSO BUCAP,,0,[]
16249,63273,14185,63273,,,,,,,,,,,,,,0,,,,,PRESSO BUCAP,,0,[]
16250,63273,14186,63273,ROME,ITALY,ENGINEERING,PRJ010,EVT+10Y,ENGINEERING ADMINISTRATION,2020-01-01T00:00:00,2020-12-31T00:00:00,2408,ETILENO XXI PROJECT - F.E.E.D.,AG-PG,PROJECT CLOSED,2021-01-01T00:00:00,3650,2030-12-30T00:00:00,CONFIDENTIAL,,,PRESSO BUCAP,,0,[]
16251,63312,14187,63312,,,,,,,,,,,,,,0,,,,,PRESSO BUCAP,,0,[]
16252,63312,14188,63312,ROME,ITALY,ENGINEERING,PRJ010,EVT+10Y,ENGINEERING ADMINISTRATION,2020-01-01T00:00:00,2020-12-31T00:00:00,2554,GRASSROOTS PHARMACEUTICAL SPECIALTIES PLANT - 1ST & 2ND PHASES,AG-PG,PROJECT CLOSED,2021-01-01T00:00:00,3650,2030-12-30T00:00:00,CONFIDENTIAL,,,PRESSO BUCAP,,0,[]
16253,63310,14189,63310,,,,,,,,,,,,,,0,,,,,PRESSO BUCAP,,0,[]
16254,63310,14190,63310,ROME,ITALY,ENGINEERING,PRJ010,EVT+10Y,ENGINEERING ADMINISTRATION,2020-01-01T00:00:00,2020-12-31T00:00:00,2554,GRASSROOTS PHARMACEUTICAL SPECIALTIES PLANT - 1ST & 2ND PHASES,AG-PG,PROJECT CLOSED,2021-01-01T00:00:00,3650,2030-12-30T00:00:00,CONFIDENTIAL,,,PRESSO BUCAP,,0,[]
16255,63301,14191,63301,ROME,ITALY,ENGINEERING,PRJ010,EVT+10Y,ENGINEERING ADMINISTRATION,2020-01-01T00:00:00,2020-12-31T00:00:00,2554,GRASSROOTS PHARMACEUTICAL SPECIALTIES PLANT - 1ST & 2ND PHASES,AG-PG,PROJECT CLOSED,2021-01-01T00:00:00,3650,2030-12-30T00:00:00,CONFIDENTIAL,,,PRESSO BUCAP,,0,[]
16256,63301,14192,63301,,,,,,,,,,,,,,0,,,,,PRESSO BUCAP,,0,[]
16257,63276,14193,63276,,,,,,,,,,,,,,0,,,,,PRESSO BUCAP,,0,[]
16258,63276,14194,63276,ROME,ITALY,ENGINEERING,PRJ010,EVT+10Y,ENGINEERING ADMINISTRATION,2020-01-01T00:00:00,2020-12-31T00:00:00,2408,ETILENO XXI PROJECT - F.E.E.D.,AG-PG,PROJECT CLOSED,2021-01-01T00:00:00,3650,2030-12-30T00:00:00,CONFIDENTIAL,,,PRESSO BUCAP,,0,[]
16259,63295,14195,63295,,,,,,,,,,,,,,0,,,,,PRESSO BUCAP,,0,[]
16260,63295,14196,63295,ROME,ITALY,ENGINEERING,PRJ010,EVT+10Y,ENGINEERING ADMINISTRATION,2020-01-01T00:00:00,2020-12-31T00:00:00,2544,GRASSROOTS PHARMACEUTICAL SPECIALTIES PLANT - 1ST & 2ND PHASES,AG-PG,PROJECT CLOSED,2021-01-01T00:00:00,3650,2030-12-30T00:00:00,CONFIDENTIAL,,,PRESSO BUCAP,,0,[]
16261,63299,14197,63299,,,,,,,,,,,,,,0,,,,,PRESSO BUCAP,,0,[]
16262,63299,14198,63299,ROME,ITALY,ENGINEERING,PRJ010,EVT+10Y,ENGINEERING ADMINISTRATION,2020-01-01T00:00:00,2020-12-31T00:00:00,2554,GRASSROOTS PHARMACEUTICAL SPECIALTIES PLANT - 1ST & 2ND PHASES,AG-PG,PROJECT CLOSED,2021-01-01T00:00:00,3650,2030-12-30T00:00:00,CONFIDENTIAL,,,PRESSO BUCAP,,0,[]
16263,63294,14199,63294,,,,,,,,,,,,,,0,,,,,PRESSO BUCAP,,0,[]
16264,63294,14200,63294,ROME,ITALY,ENGINEERING,PRJ010,EVT+10Y,ENGINEERING ADMINISTRATION,2020-01-01T00:00:00,2020-12-31T00:00:00,2544,GRASSROOTS PHARMACEUTICAL SPECIALTIES PLANT - 1ST & 2ND PHASES,AG-PG,PROJECT CLOSED,2021-01-01T00:00:00,3650,2030-12-30T00:00:00,CONFIDENTIAL,,,PRESSO BUCAP,,0,[]
16265,63292,14201,63292,,,,,,,,,,,,,,0,,,,,PRESSO BUCAP,,0,[]
16266,63292,14202,63292,ROME,ITALY,ENGINEERING,PRJ010,EVT+10Y,ENGINEERING ADMINISTRATION,2020-01-01T00:00:00,2020-12-31T00:00:00,2544,GRASSROOTS PHARMACEUTICAL SPECIALTIES PLANT - 1ST & 2ND PHASES,AG-PG,PROJECT CLOSED,2021-01-01T00:00:00,3650,2030-12-30T00:00:00,CONFIDENTIAL,,,PRESSO BUCAP,,0,[]
16267,63293,14203,63293,ROME,ITALY,ENGINEERING,PRJ010,EVT+10Y,ENGINEERING ADMINISTRATION,2020-01-01T00:00:00,2020-12-31T00:00:00,2544,GRASSROOTS PHARMACEUTICAL SPECIALTIES PLANT - 1ST & 2ND PHASES,AG-PG,PROJECT CLOSED,2021-01-01T00:00:00,3650,2030-12-30T00:00:00,CONFIDENTIAL,,,PRESSO BUCAP,,0,[]
16268,63293,14204,63293,,,,,,,,,,,,,,0,,,,,PRESSO BUCAP,,0,[]
16269,63287,14205,63287,,,,,,,,,,,,,,0,,,,,PRESSO BUCAP,,0,[]
16270,63287,14206,63287,ROME,ITALY,ENGINEERING,PRJ010,EVT+10Y,ENGINEERING ADMINISTRATION,2020-01-01T00:00:00,2020-12-31T00:00:00,2544,GRASSROOTS PHARMACEUTICAL SPECIALTIES PLANT - 1ST & 2ND PHASES,AG-PG,PROJECT CLOSED,2021-01-01T00:00:00,3650,2030-12-30T00:00:00,CONFIDENTIAL,,,PRESSO BUCAP,,0,[]
16271,63309,14207,63309,,,,,,,,,,,,,,0,,,,,PRESSO BUCAP,,0,[]
16272,63309,14208,63309,ROME,ITALY,ENGINEERING,PRJ010,EVT+10Y,ENGINEERING ADMINISTRATION,2020-01-01T00:00:00,2020-12-31T00:00:00,2554,GRASSROOTS PHARMACEUTICAL SPECIALTIES PLANT - 1ST & 2ND PHASES,AG-PG,PROJECT CLOSED,2021-01-01T00:00:00,3650,2030-12-30T00:00:00,CONFIDENTIAL,,,PRESSO BUCAP,,0,[]
16273,63282,14209,63282,ROME,ITALY,ENGINEERING,PRJ010,EVT+10Y,ENGINEERING ADMINISTRATION,2020-01-01T00:00:00,2020-12-31T00:00:00,2408,ETILENO XXI PROJECT - F.E.E.D.,AG-PG,PROJECT CLOSED,2021-01-01T00:00:00,3650,2030-12-30T00:00:00,CONFIDENTIAL,,,PRESSO BUCAP,,0,[]
16274,63282,14210,63282,,,,,,,,,,,,,,0,,,,,PRESSO BUCAP,,0,[]
16275,63283,14211,63283,,,,,,,,,,,,,,0,,,,,PRESSO BUCAP,,0,[]
16276,63283,14212,63283,ROME,ITALY,ENGINEERING,PRJ010,EVT+10Y,ENGINEERING ADMINISTRATION,2020-01-01T00:00:00,2020-12-31T00:00:00,2544,GRASSROOTS PHARMACEUTICAL SPECIALTIES PLANT - 1ST & 2ND PHASES,AG-PG,PROJECT CLOSED,2021-01-01T00:00:00,3650,2030-12-30T00:00:00,CONFIDENTIAL,,,PRESSO BUCAP,,0,[]
16277,63284,14213,63284,,,,,,,,,,,,,,0,,,,,PRESSO BUCAP,,0,[]
16278,63284,14214,63284,ROME,ITALY,ENGINEERING,PRJ010,EVT+10Y,ENGINEERING ADMINISTRATION,2020-01-01T00:00:00,2020-12-31T00:00:00,2544,GRASSROOTS PHARMACEUTICAL SPECIALTIES PLANT - 1ST & 2ND PHASES,AG-PG,PROJECT CLOSED,2021-01-01T00:00:00,3650,2030-12-30T00:00:00,CONFIDENTIAL,,,PRESSO BUCAP,,0,[]
16281,61594,14217,61594,,,,,,,,,,,,,,0,,,,,PRESSO BUCAP,,0,[]
16287,61641,14223,61641,,,,,,,,,,,,,,0,,,,,PRESSO BUCAP,,0,[]
16297,61614,14244,61614,,,,,,,,,,,,,,0,,,,,PRESSO BUCAP,,0,[]
16301,61629,14248,61629,,,,,,,,,,,,,,0,,,,,PRESSO BUCAP,,0,[]
16302,61645,14249,61645,,,,,,,,,,,,,,0,,,,,PRESSO BUCAP,,0,[]
16304,61595,14251,61595,,,,,,,,,,,,,,0,,,,,PRESSO BUCAP,,0,[]
16305,61630,14252,61630,,,,,,,,,,,,,,0,,,,,PRESSO BUCAP,,0,[]
16306,61596,14253,61596,,,,,,,,,,,,,,0,,,,,PRESSO BUCAP,,0,[]
16307,61597,14254,61597,,,,,,,,,,,,,,0,,,,,PRESSO BUCAP,,0,[]
16308,63296,14255,63296,ROME,ITALY,ENGINEERING,PRJ010,EVT+10Y,ENGINEERING ADMINISTRATION,2020-01-01T00:00:00,2020-12-31T00:00:00,2544,GRASSROOTS PHARMACEUTICAL SPECIALTIES PLANT - 1ST & 2ND PHASES,AG-PG,PROJECT CLOSED,2021-01-01T00:00:00,3650,2030-12-30T00:00:00,CONFIDENTIAL,,,PRESSO BUCAP,,0,[]
16309,63296,14256,63296,,,,,,,,,,,,,,0,,,,,PRESSO BUCAP,,0,[]
16310,63306,14257,63306,ROME,ITALY,ENGINEERING,PRJ010,EVT+10Y,ENGINEERING ADMINISTRATION,2020-01-01T00:00:00,2020-12-31T00:00:00,2554,GRASSROOTS PHARMACEUTICAL SPECIALTIES PLANT - 1ST & 2ND PHASES,AG-PG,PROJECT CLOSED,2021-01-01T00:00:00,3650,2030-12-30T00:00:00,CONFIDENTIAL,,,PRESSO BUCAP,,0,[]
16311,63306,14258,63306,,,,,,,,,,,,,,0,,,,,PRESSO BUCAP,,0,[]
16312,63269,14259,63269,,,,,,,,,,,,,,0,,,,,PRESSO BUCAP,,0,[]
16313,63269,14260,63269,ROME,ITALY,ENGINEERING,PRJ010,EVT+10Y,ENGINEERING ADMINISTRATION,2020-01-01T00:00:00,2020-12-31T00:00:00,2544,GRASSROOTS PHARMACEUTICAL SPECIALTIES PLANT - 1ST & 2ND PHASES,AG-PG,PROJECT CLOSED,2021-01-01T00:00:00,3650,2030-12-30T00:00:00,CONFIDENTIAL,,,PRESSO BUCAP,,0,[]
16314,63288,14261,63288,,,,,,,,,,,,,,0,,,,,PRESSO BUCAP,,0,[]
16315,63288,14262,63288,ROME,ITALY,ENGINEERING,PRJ010,EVT+10Y,ENGINEERING ADMINISTRATION,2020-01-01T00:00:00,2020-12-31T00:00:00,2544,GRASSROOTS PHARMACEUTICAL SPECIALTIES PLANT - 1ST & 2ND PHASES,AG-PG,PROJECT CLOSED,2021-01-01T00:00:00,3650,2030-12-30T00:00:00,CONFIDENTIAL,,,PRESSO BUCAP,,0,[]
16316,63286,14263,63286,ROME,ITALY,ENGINEERING,PRJ010,EVT+10Y,ENGINEERING ADMINISTRATION,2020-01-01T00:00:00,2020-12-31T00:00:00,2544,GRASSROOTS PHARMACEUTICAL SPECIALTIES PLANT - 1ST & 2ND PHASES,AG-PG,PROJECT CLOSED,2021-01-01T00:00:00,3650,2030-12-30T00:00:00,CONFIDENTIAL,,,PRESSO BUCAP,,0,[]
16317,63286,14264,63286,,,,,,,,,,,,,,0,,,,,PRESSO BUCAP,,0,[]
16318,63258,14265,63258,,,,,,,,,,,,,,0,,,,,PRESSO BUCAP,,0,[]
16319,63258,14266,63258,ROME,ITALY,ENGINEERING,PRJ010,EVT+10Y,ENGINEERING ADMINISTRATION,2020-01-01T00:00:00,2020-12-31T00:00:00,2544,GRASSROOTS PHARMACEUTICAL SPECIALTIES PLANT - 1ST & 2ND PHASES,AG-PG,PROJECT CLOSED,2021-01-01T00:00:00,3650,2030-12-30T00:00:00,CONFIDENTIAL,,,PRESSO BUCAP,,0,[]
16320,63259,14267,63259,ROME,ITALY,ENGINEERING,PRJ010,EVT+10Y,ENGINEERING ADMINISTRATION,2020-01-01T00:00:00,2020-12-31T00:00:00,2545,GRASSROOTS PHARMACEUTICAL SPECIALTIES PLANT - 1ST & 2ND PHASES,AG-PG,PROJECT CLOSED,2021-01-01T00:00:00,3650,2030-12-30T00:00:00,CONFIDENTIAL,,,PRESSO BUCAP,,0,[]
16321,63259,14268,63259,,,,,,,,,,,,,,0,,,,,PRESSO BUCAP,,0,[]
16322,63302,14269,63302,ROME,ITALY,ENGINEERING,PRJ010,EVT+10Y,ENGINEERING ADMINISTRATION,2020-01-01T00:00:00,2020-12-31T00:00:00,2554,GRASSROOTS PHARMACEUTICAL SPECIALTIES PLANT - 1ST & 2ND PHASES,AG-PG,PROJECT CLOSED,2021-01-01T00:00:00,3650,2030-12-30T00:00:00,CONFIDENTIAL,,,PRESSO BUCAP,,0,[]
16323,63302,14270,63302,,,,,,,,,,,,,,0,,,,,PRESSO BUCAP,,0,[]
16324,63289,14271,63289,ROME,ITALY,ENGINEERING,PRJ010,EVT+10Y,ENGINEERING ADMINISTRATION,2020-01-01T00:00:00,2020-12-31T00:00:00,2544,GRASSROOTS PHARMACEUTICAL SPECIALTIES PLANT - 1ST & 2ND PHASES,AG-PG,PROJECT CLOSED,2021-01-01T00:00:00,3650,2030-12-30T00:00:00,CONFIDENTIAL,,,PRESSO BUCAP,,0,[]
16325,63289,14272,63289,,,,,,,,,,,,,,0,,,,,PRESSO BUCAP,,0,[]
16326,63261,14273,63261,ROME,ITALY,ENGINEERING,PRJ010,EVT+10Y,ENGINEERING ADMINISTRATION,2020-01-01T00:00:00,2020-12-31T00:00:00,2547,GRASSROOTS PHARMACEUTICAL SPECIALTIES PLANT - 1ST & 2ND PHASES,AG-PG,PROJECT CLOSED,2021-01-01T00:00:00,3650,2030-12-30T00:00:00,CONFIDENTIAL,,,PRESSO BUCAP,,0,[]
16327,63261,14274,63261,,,,,,,,,,,,,,0,,,,,PRESSO BUCAP,,0,[]
16328,63260,14275,63260,,,,,,,,,,,,,,0,,,,,PRESSO BUCAP,,0,[]
16329,63260,14276,63260,ROME,ITALY,ENGINEERING,PRJ010,EVT+10Y,ENGINEERING ADMINISTRATION,2020-01-01T00:00:00,2020-12-31T00:00:00,2546,GRASSROOTS PHARMACEUTICAL SPECIALTIES PLANT - 1ST & 2ND PHASES,AG-PG,PROJECT CLOSED,2021-01-01T00:00:00,3650,2030-12-30T00:00:00,CONFIDENTIAL,,,PRESSO BUCAP,,0,[]
16330,63300,14277,63300,,,,,,,,,,,,,,0,,,,,PRESSO BUCAP,,0,[]
16331,63300,14278,63300,ROME,ITALY,ENGINEERING,PRJ010,EVT+10Y,ENGINEERING ADMINISTRATION,2020-01-01T00:00:00,2020-12-31T00:00:00,2554,GRASSROOTS PHARMACEUTICAL SPECIALTIES PLANT - 1ST & 2ND PHASES,AG-PG,PROJECT CLOSED,2021-01-01T00:00:00,3650,2030-12-30T00:00:00,CONFIDENTIAL,,,PRESSO BUCAP,,0,[]
16332,63290,14279,63290,,,,,,,,,,,,,,0,,,,,PRESSO BUCAP,,0,[]
16333,63290,14280,63290,ROME,ITALY,ENGINEERING,PRJ010,EVT+10Y,ENGINEERING ADMINISTRATION,2020-01-01T00:00:00,2020-12-31T00:00:00,2544,GRASSROOTS PHARMACEUTICAL SPECIALTIES PLANT - 1ST & 2ND PHASES,AG-PG,PROJECT CLOSED,2021-01-01T00:00:00,3650,2030-12-30T00:00:00,CONFIDENTIAL,,,PRESSO BUCAP,,0,[]
16336,63317,14283,63317,,,,,,,,,,,,,,0,,,,,PRESSO BUCAP,,0,[]
16340,63068,17139,63068,,,,,,,,,,,,,,0,,,,,PRESSO BUCAP,,0,[]
16342,63056,17141,63056,,,,,,,,,,,,,,0,,,,,PRESSO BUCAP,,0,[]
16360,32933,14306,32933,,,,,,,,,,,,,,0,,,,,PRESSO BUCAP,,0,[]
16416,61764,15005,61764,,,,,,,,,,,,,,0,,,,,PRESSO BUCAP,,0,[]
16502,32887,9993,32887,,,,,,,,,,,,,,0,,,,,PRESSO BUCAP,,0,[]
16505,45255,10016,45255,,,,,,,,,,,,,,0,,,,,PRESSO BUCAP,,0,[]
16509,31884,10026,31884,,,,,,,,,,,,,,0,,,,,PRESSO BUCAP,,0,[]
16511,45254,10028,45254,,,,,,,,,,,,,,0,,,,,PRESSO BUCAP,,0,[]
16515,45253,10032,45253,,,,,,,,,,,,,,0,,,,,PRESSO BUCAP,,0,[]
16529,32970,10007,32970,,,,,,,,,,,,,,0,,,,,PRESSO BUCAP,,0,[]
16536,63055,17143,63055,,,,,,,,,,,,,,0,,,,,PRESSO BUCAP,,0,[]
16538,63054,17145,63054,,,,,,,,,,,,,,0,,,,,PRESSO BUCAP,,0,[]
16540,63067,17147,63067,,,,,,,,,,,,,,0,,,,,PRESSO BUCAP,,0,[]
16541,31115,17148,31115,,,,,,,,,,,,,,0,,,,,PRESSO BUCAP,,0,[]
16542,63069,17149,63069,,,,,,,,,,,,,,0,,,,,PRESSO BUCAP,,0,[]
16568,32978,14444,32978,,,,,,,,,,,,,,0,,,,,PRESSO BUCAP,,0,[]
16626,61764,15006,61764,,,,,,,,,,,,,,0,,,,,PRESSO BUCAP,,0,[]
16632,32955,14507,32955,,,,,,,,,,,,,,0,,,,,PRESSO BUCAP,,0,[]
16683,45353,14697,45353,,,,,,,,,,,,,,0,,,,,PRESSO BUCAP,,0,[]
16690,31852,14704,31852,,,,,,,,,,,,,,0,,,,,PRESSO BUCAP,,0,[]
16696,63263,14710,63263,ROME,ITALY,ENGINEERING,PRJ010,EVT+10Y,ENGINEERING ADMINISTRATION,2020-01-01T00:00:00,2020-12-31T00:00:00,2377,ENGINEERING SERVICE FRAME AGREEMENT,AG-PG,PROJECT CLOSED,2021-01-01T00:00:00,3650,2030-12-30T00:00:00,CONFIDENTIAL,,,PRESSO BUCAP,,0,[]
16697,63264,14711,63264,ROME,ITALY,ENGINEERING,PRJ010,EVT+10Y,ENGINEERING ADMINISTRATION,2020-01-01T00:00:00,2020-12-31T00:00:00,2378,ENGINEERING SERVICE FRAME AGREEMENT,AG-PG,PROJECT CLOSED,2021-01-01T00:00:00,3650,2030-12-30T00:00:00,CONFIDENTIAL,,,PRESSO BUCAP,,0,[]
16704,61600,14718,61600,,,,,,,,,,,,,,0,,,,,PRESSO BUCAP,,0,[]
16705,61642,14719,61642,,,,,,,,,,,,,,0,,,,,PRESSO BUCAP,,0,[]
16715,45252,14729,45252,,,,,,,,,,,,,,0,,,,,PRESSO BUCAP,,0,[]
16724,61765,15007,61765,,,,,,,,,,,,,,0,,,,,PRESSO BUCAP,,0,[]
16759,61644,14795,61644,,,,,,,,,,,,,,0,,,,,PRESSO BUCAP,,0,[]
16763,61662,14799,61662,,,,,,,,,,,,,,0,,,,,PRESSO BUCAP,,0,[]
16767,61657,14803,61657,,,,,,,,,,,,,,0,,,,,PRESSO BUCAP,,0,[]
16776,61638,14812,61638,,,,,,,,,,,,,,0,,,,,PRESSO BUCAP,,0,[]
16778,61621,14814,61621,,,,,,,,,,,,,,0,,,,,PRESSO BUCAP,,0,[]
16780,61615,14816,61615,,,,,,,,,,,,,,0,,,,,PRESSO BUCAP,,0,[]
16782,61608,14818,61608,,,,,,,,,,,,,,0,,,,,PRESSO BUCAP,,0,[]
16784,61639,14820,61639,,,,,,,,,,,,,,0,,,,,PRESSO BUCAP,,0,[]
16788,61787,14824,61787,,,,,,,,,,,,,,0,,,,,PRESSO BUCAP,,0,[]
16790,61625,14826,61625,,,,,,,,,,,,,,0,,,,,PRESSO BUCAP,,0,[]
16792,61616,14828,61616,,,,,,,,,,,,,,0,,,,,PRESSO BUCAP,,0,[]
16796,61643,14832,61643,,,,,,,,,,,,,,0,,,,,PRESSO BUCAP,,0,[]
16798,61640,14834,61640,,,,,,,,,,,,,,0,,,,,PRESSO BUCAP,,0,[]
16801,63070,17151,63070,,,,,,,,,,,,,,0,,,,,PRESSO BUCAP,,0,[]
16802,31104,17152,31104,,,,,,,,,,,,,,0,,,,,PRESSO BUCAP,,0,[]
16803,63065,17153,63065,,,,,,,,,,,,,,0,,,,,PRESSO BUCAP,,0,[]
16805,63064,17155,63064,,,,,,,,,,,,,,0,,,,,PRESSO BUCAP,,0,[]
16807,61782,14839,61782,,,,,,,,,,,,,,0,,,,,PRESSO BUCAP,,0,[]
16818,61781,14851,61781,,,,,,,,,,,,,,0,,,,,PRESSO BUCAP,,0,[]
16820,61779,14853,61779,,,,,,,,,,,,,,0,,,,,PRESSO BUCAP,,0,[]
16852,61408,14885,61408,,,,,,,,,,,,,,0,,,,,PRESSO BUCAP,,0,[]
16856,61733,14889,61733,,,,,,,,,,,,,,0,,,,,PRESSO BUCAP,,0,[]
16858,61740,14891,61740,,,,,,,,,,,,,,0,,,,,PRESSO BUCAP,,0,[]
16865,61767,15008,61767,,,,,,,,,,,,,,0,,,,,PRESSO BUCAP,,0,[]
16871,61741,14903,61741,,,,,,,,,,,,,,0,,,,,PRESSO BUCAP,,0,[]
16873,61742,14905,61742,,,,,,,,,,,,,,0,,,,,PRESSO BUCAP,,0,[]
16906,61407,14939,61407,,,,,,,,,,,,,,0,,,,,PRESSO BUCAP,,0,[]
16924,63212,15009,63212,,,,,,,,,,,,,,0,,,,,PRESSO BUCAP,,0,[]
16937,42949,14970,42949,,,,,,,,,,,,,,0,,,,,PRESSO BUCAP,,0,[]
16942,61783,14975,61783,,,,,,,,,,,,,,0,,,,,PRESSO BUCAP,,0,[]
16944,63212,15010,63212,,,,,,,,,,,,,,0,,,,,PRESSO BUCAP,,0,[]
16952,63062,17157,63062,,,,,,,,,,,,,,0,,,,,PRESSO BUCAP,,0,[]
16953,39175,17158,39175,,,,,,,,,,,,,,0,,,,,PRESSO BUCAP,,0,[]
16964,63045,17169,63045,,,,,,,,,,,,,,0,,,,,PRESSO BUCAP,,0,[]
16978,20852,15103,20852,,,,,,,,,,,,,,0,,,,,PRESSO BUCAP,,0,[]
16989,20270,15114,20270,,,,,,,,,,,,,,0,,,,,PRESSO BUCAP,,0,[]
16996,63042,17171,63042,,,,,,,,,,,,,,0,,,,,PRESSO BUCAP,,0,[]
16998,63049,17173,63049,,,,,,,,,,,,,,0,,,,,PRESSO BUCAP,,0,[]
17000,63047,17175,63047,,,,,,,,,,,,,,0,,,,,PRESSO BUCAP,,0,[]
17065,34067,17386,34067,,,,,,,,,,,,,,0,,,,,PRESSO BUCAP,,0,[]
17073,32966,17394,32966,,,,,,,,,,,,,,0,,,,,PRESSO BUCAP,,0,[]
17079,45274,17400,45274,,,,,,,,,,,,,,0,,,,,PRESSO BUCAP,,0,[]
17108,63193,17433,63193,,,,,,,,,,,,,,0,,,,,PRESSO BUCAP,,0,[]
17110,63224,17435,63224,,,,,,,,,,,,,,0,,,,,PRESSO BUCAP,,0,[]
17112,63192,17437,63192,,,,,,,,,,,,,,0,,,,,PRESSO BUCAP,,0,[]
17114,63190,17439,63190,,,,,,,,,,,,,,0,,,,,PRESSO BUCAP,,0,[]
17116,63217,17441,63217,,,,,,,,,,,,,,0,,,,,PRESSO BUCAP,,0,[]
17118,63223,17443,63223,,,,,,,,,,,,,,0,,,,,PRESSO BUCAP,,0,[]
17120,63199,17445,63199,,,,,,,,,,,,,,0,,,,,PRESSO BUCAP,,0,[]
17122,63200,17447,63200,,,,,,,,,,,,,,0,,,,,PRESSO BUCAP,,0,[]
17124,63189,17449,63189,,,,,,,,,,,,,,0,,,,,PRESSO BUCAP,,0,[]
17128,63079,17453,63079,,,,,,,,,,,,,,0,,,,,PRESSO BUCAP,,0,[]
17132,63078,17457,63078,,,,,,,,,,,,,,0,,,,,PRESSO BUCAP,,0,[]
17134,63071,17459,63071,,,,,,,,,,,,,,0,,,,,PRESSO BUCAP,,0,[]
17136,63074,17461,63074,,,,,,,,,,,,,,0,,,,,PRESSO BUCAP,,0,[]
17140,63077,17465,63077,,,,,,,,,,,,,,0,,,,,PRESSO BUCAP,,0,[]
17142,63012,17467,63012,,,,,,,,,,,,,,0,,,,,PRESSO BUCAP,,0,[]
17144,63008,17469,63008,,,,,,,,,,,,,,0,,,,,PRESSO BUCAP,,0,[]
17146,63011,17471,63011,,,,,,,,,,,,,,0,,,,,PRESSO BUCAP,,0,[]
17148,63006,17473,63006,,,,,,,,,,,,,,0,,,,,PRESSO BUCAP,,0,[]
17150,63005,17475,63005,,,,,,,,,,,,,,0,,,,,PRESSO BUCAP,,0,[]
17152,63009,17477,63009,,,,,,,,,,,,,,0,,,,,PRESSO BUCAP,,0,[]
17155,63022,17489,63022,,,,,,,,,,,,,,0,,,,,PRESSO BUCAP,,0,[]
17157,63017,17491,63017,,,,,,,,,,,,,,0,,,,,PRESSO BUCAP,,0,[]
17159,63015,17493,63015,,,,,,,,,,,,,,0,,,,,PRESSO BUCAP,,0,[]
17161,63014,17495,63014,,,,,,,,,,,,,,0,,,,,PRESSO BUCAP,,0,[]
17163,63019,17497,63019,,,,,,,,,,,,,,0,,,,,PRESSO BUCAP,,0,[]
17165,63000,17499,63000,,,,,,,,,,,,,,0,,,,,PRESSO BUCAP,,0,[]
17167,63003,17501,63003,,,,,,,,,,,,,,0,,,,,PRESSO BUCAP,,0,[]
17169,63002,17503,63002,,,,,,,,,,,,,,0,,,,,PRESSO BUCAP,,0,[]
17171,63001,17505,63001,,,,,,,,,,,,,,0,,,,,PRESSO BUCAP,,0,[]
17173,26182,17507,26182,,,,,,,,,,,,,,0,,,,,PRESSO BUCAP,,0,[]
17180,19376,17513,19376,,,,,,,,,,,,,,0,,,,,PRESSO BUCAP,,0,[]
17184,20686,17517,20686,,,,,,,,,,,,,,0,,,,,PRESSO BUCAP,,0,[]
17196,47882,19115,47882,,,,,,,,,,,,,,0,,,,,PRESSO BUCAP,,0,[]
17207,20143,17539,20143,,,,,,,,,,,,,,0,,,,,PRESSO BUCAP,,0,[]
17214,47878,19116,47878,,,,,,,,,,,,,,0,,,,,PRESSO BUCAP,,0,[]
17216,20015,17547,20015,,,,,,,,,,,,,,0,,,,,PRESSO BUCAP,,0,[]
17224,63046,17555,63046,,,,,,,,,,,,,,0,,,,,PRESSO BUCAP,,0,[]
17226,63041,17557,63041,,,,,,,,,,,,,,0,,,,,PRESSO BUCAP,,0,[]
17228,63044,17559,63044,,,,,,,,,,,,,,0,,,,,PRESSO BUCAP,,0,[]
17325,61423,17659,61423,,,,,,,,,,,,,,0,,,,,PRESSO BUCAP,,0,[]
17326,61423,17660,61423,,,,,,,,,,,,,,0,,,,,PRESSO BUCAP,,0,[]
17330,61424,17664,61424,,,,,,,,,,,,,,0,,,,,PRESSO BUCAP,,0,[]
17331,61424,17665,61424,,,,,,,,,,,,,,0,,,,,PRESSO BUCAP,,0,[]
17337,61419,17671,61419,,,,,,,,,,,,,,0,,,,,PRESSO BUCAP,,0,[]
17338,61419,17672,61419,,,,,,,,,,,,,,0,,,,,PRESSO BUCAP,,0,[]
17342,61420,17676,61420,,,,,,,,,,,,,,0,,,,,PRESSO BUCAP,,0,[]
17343,61420,17677,61420,,,,,,,,,,,,,,0,,,,,PRESSO BUCAP,,0,[]
17345,61414,17679,61414,,,,,,,,,,,,,,0,,,,,PRESSO BUCAP,,0,[]
17369,61456,17707,61456,,,,,,,,,,,,,,0,,,,,PRESSO BUCAP,,0,[]
17370,61456,17708,61456,,,,,,,,,,,,,,0,,,,,PRESSO BUCAP,,0,[]
17376,61455,17714,61455,,,,,,,,,,,,,,0,,,,,PRESSO BUCAP,,0,[]
17377,61455,17715,61455,,,,,,,,,,,,,,0,,,,,PRESSO BUCAP,,0,[]
17379,61415,17717,61415,,,,,,,,,,,,,,0,,,,,PRESSO BUCAP,,0,[]
17380,61415,17718,61415,,,,,,,,,,,,,,0,,,,,PRESSO BUCAP,,0,[]
17382,61457,17720,61457,,,,,,,,,,,,,,0,,,,,PRESSO BUCAP,,0,[]
17383,61457,17721,61457,,,,,,,,,,,,,,0,,,,,PRESSO BUCAP,,0,[]
17403,74134,17742,74134,,,,,,,,,,,,,,0,,,,,PRESSO BUCAP,,0,[]
17404,74134,17743,74134,,,,,,,,,,,,,,0,,,,,PRESSO BUCAP,,0,[]
17410,47863,19117,47863,,,,,,,,,,,,,,0,,,,,PRESSO BUCAP,,0,[]
17423,74138,17761,74138,,,,,,,,,,,,,,0,,,,,PRESSO BUCAP,,0,[]
17424,74138,17762,74138,,,,,,,,,,,,,,0,,,,,PRESSO BUCAP,,0,[]
17450,61445,17780,61445,,,,,,,,,,,,,,0,,,,,PRESSO BUCAP,,0,[]
17494,61739,17823,61739,,,,,,,,,,,,,,0,,,,,PRESSO BUCAP,,0,[]
17526,61769,17937,61769,,,,,,,,,,,,,,0,,,,,PRESSO BUCAP,,0,[]
17529,61737,17857,61737,,,,,,,,,,,,,,0,,,,,PRESSO BUCAP,,0,[]
17533,61738,17861,61738,,,,,,,,,,,,,,0,,,,,PRESSO BUCAP,,0,[]
17574,61789,17903,61789,,,,,,,,,,,,,,0,,,,,PRESSO BUCAP,,0,[]
17576,61790,17905,61790,,,,,,,,,,,,,,0,,,,,PRESSO BUCAP,,0,[]
17584,61788,17913,61788,,,,,,,,,,,,,,0,,,,,PRESSO BUCAP,,0,[]
17589,47881,19118,47881,,,,,,,,,,,,,,0,,,,,PRESSO BUCAP,,0,[]
17602,61773,17929,61773,,,,,,,,,,,,,,0,,,,,PRESSO BUCAP,,0,[]
17606,61771,17933,61771,,,,,,,,,,,,,,0,,,,,PRESSO BUCAP,,0,[]
17608,62029,17935,62029,,,,,,,,,,,,,,0,,,,,PRESSO BUCAP,,0,[]
17611,61770,17941,61770,,,,,,,,,,,,,,0,,,,,PRESSO BUCAP,,0,[]
17615,61774,17945,61774,,,,,,,,,,,,,,0,,,,,PRESSO BUCAP,,0,[]
17621,62028,17951,62028,,,,,,,,,,,,,,0,,,,,PRESSO BUCAP,,0,[]
17623,61772,17953,61772,,,,,,,,,,,,,,0,,,,,PRESSO BUCAP,,0,[]
17625,62031,17955,62031,,,,,,,,,,,,,,0,,,,,PRESSO BUCAP,,0,[]
17627,61778,17957,61778,,,,,,,,,,,,,,0,,,,,PRESSO BUCAP,,0,[]
17629,47880,19119,47880,,,,,,,,,,,,,,0,,,,,PRESSO BUCAP,,0,[]
17632,61605,17961,61605,,,,,,,,,,,,,,0,,,,,PRESSO BUCAP,,0,[]
17636,61622,17965,61622,,,,,,,,,,,,,,0,,,,,PRESSO BUCAP,,0,[]
17638,61606,17967,61606,,,,,,,,,,,,,,0,,,,,PRESSO BUCAP,,0,[]
17642,61623,17971,61623,,,,,,,,,,,,,,0,,,,,PRESSO BUCAP,,0,[]
17644,62030,17973,62030,,,,,,,,,,,,,,0,,,,,PRESSO BUCAP,,0,[]
17650,61634,17979,61634,,,,,,,,,,,,,,0,,,,,PRESSO BUCAP,,0,[]
17651,47888,19120,47888,,,,,,,,,,,,,,0,,,,,PRESSO BUCAP,,0,[]
17655,61624,17983,61624,,,,,,,,,,,,,,0,,,,,PRESSO BUCAP,,0,[]
17657,61618,17985,61618,,,,,,,,,,,,,,0,,,,,PRESSO BUCAP,,0,[]
17659,61619,17987,61619,,,,,,,,,,,,,,0,,,,,PRESSO BUCAP,,0,[]
17661,61607,17989,61607,,,,,,,,,,,,,,0,,,,,PRESSO BUCAP,,0,[]
17663,61610,17991,61610,,,,,,,,,,,,,,0,,,,,PRESSO BUCAP,,0,[]
17665,61620,17993,61620,,,,,,,,,,,,,,0,,,,,PRESSO BUCAP,,0,[]
17667,61635,17995,61635,,,,,,,,,,,,,,0,,,,,PRESSO BUCAP,,0,[]
17802,63113,18132,63113,,,,,,,,,,,,,,0,,,,,PRESSO BUCAP,,0,[]
17803,63113,18133,63113,,,,,,,,,,,,,,0,,,,,PRESSO BUCAP,,0,[]
17804,63111,18134,63111,,,,,,,,,,,,,,0,,,,,PRESSO BUCAP,,0,[]
17805,63111,18135,63111,,,,,,,,,,,,,,0,,,,,PRESSO BUCAP,,0,[]
17806,63116,18136,63116,,,,,,,,,,,,,,0,,,,,PRESSO BUCAP,,0,[]
17807,63116,18137,63116,,,,,,,,,,,,,,0,,,,,PRESSO BUCAP,,0,[]
17808,63038,18138,63038,,,,,,,,,,,,,,0,,,,,PRESSO BUCAP,,0,[]
17809,63038,18139,63038,,,,,,,,,,,,,,0,,,,,PRESSO BUCAP,,0,[]
17810,63036,18140,63036,,,,,,,,,,,,,,0,,,,,PRESSO BUCAP,,0,[]
17811,63036,18141,63036,,,,,,,,,,,,,,0,,,,,PRESSO BUCAP,,0,[]
17812,63023,18142,63023,,,,,,,,,,,,,,0,,,,,PRESSO BUCAP,,0,[]
17813,63039,18143,63039,,,,,,,,,,,,,,0,,,,,PRESSO BUCAP,,0,[]
17814,63039,18144,63039,,,,,,,,,,,,,,0,,,,,PRESSO BUCAP,,0,[]
17815,63037,18145,63037,,,,,,,,,,,,,,0,,,,,PRESSO BUCAP,,0,[]
17816,63030,18146,63030,,,,,,,,,,,,,,0,,,,,PRESSO BUCAP,,0,[]
17817,63030,18147,63030,,,,,,,,,,,,,,0,,,,,PRESSO BUCAP,,0,[]
17818,63040,18148,63040,,,,,,,,,,,,,,0,,,,,PRESSO BUCAP,,0,[]
17819,63026,18149,63026,,,,,,,,,,,,,,0,,,,,PRESSO BUCAP,,0,[]
17820,63026,18150,63026,,,,,,,,,,,,,,0,,,,,PRESSO BUCAP,,0,[]
17821,63031,18151,63031,,,,,,,,,,,,,,0,,,,,PRESSO BUCAP,,0,[]
17822,63034,18152,63034,,,,,,,,,,,,,,0,,,,,PRESSO BUCAP,,0,[]
17823,63029,18153,63029,,,,,,,,,,,,,,0,,,,,PRESSO BUCAP,,0,[]
17830,45260,18201,45260,,,,,,,,,,,,,,0,,,,,PRESSO BUCAP,,0,[]
17831,45260,18202,45260,,,,,,,,,,,,,,0,,,,,PRESSO BUCAP,,0,[]
17835,16700,18206,16700,,,,,,,,,,,,,,0,,,,,PRESSO BUCAP,,0,[]
17836,16700,18207,16700,,,,,,,,,,,,,,0,,,,,PRESSO BUCAP,,0,[]
17837,45261,18208,45261,,,,,,,,,,,,,,0,,,,,PRESSO BUCAP,,0,[]
17840,45310,18211,45310,,,,,,,,,,,,,,0,,,,,PRESSO BUCAP,,0,[]
17853,32907,18224,32907,,,,,,,,,,,,,,0,,,,,PRESSO BUCAP,,0,[]
17854,32907,18225,32907,,,,,,,,,,,,,,0,,,,,PRESSO BUCAP,,0,[]
17860,47649,18231,47649,,,,,,,,,,,,,,0,,,,,PRESSO BUCAP,,0,[]
17875,18285,18246,18285,,,,,,,,,,,,,,0,,,,,PRESSO BUCAP,,0,[]
17876,18285,18247,18285,,,,,,,,,,,,,,0,,,,,PRESSO BUCAP,,0,[]
17878,45266,18249,45266,,,,,,,,,,,,,,0,,,,,PRESSO BUCAP,,0,[]
17879,45266,18250,45266,,,,,,,,,,,,,,0,,,,,PRESSO BUCAP,,0,[]
17914,63126,18285,63126,,,,,,,,,,,,,,0,,,,,PRESSO BUCAP,,0,[]
17915,63130,18286,63130,,,,,,,,,,,,,,0,,,,,PRESSO BUCAP,,0,[]
17916,63130,18287,63130,,,,,,,,,,,,,,0,,,,,PRESSO BUCAP,,0,[]
17917,63128,18288,63128,,,,,,,,,,,,,,0,,,,,PRESSO BUCAP,,0,[]
17918,63127,18289,63127,,,,,,,,,,,,,,0,,,,,PRESSO BUCAP,,0,[]
17919,63127,18290,63127,,,,,,,,,,,,,,0,,,,,PRESSO BUCAP,,0,[]
17920,63124,18291,63124,,,,,,,,,,,,,,0,,,,,PRESSO BUCAP,,0,[]
17921,63123,18292,63123,,,,,,,,,,,,,,0,,,,,PRESSO BUCAP,,0,[]
17922,63125,18293,63125,,,,,,,,,,,,,,0,,,,,PRESSO BUCAP,,0,[]
17923,63125,18294,63125,,,,,,,,,,,,,,0,,,,,PRESSO BUCAP,,0,[]
17924,63129,18295,63129,,,,,,,,,,,,,,0,,,,,PRESSO BUCAP,,0,[]
17925,63121,18296,63121,,,,,,,,,,,,,,0,,,,,PRESSO BUCAP,,0,[]
17926,63119,18297,63119,,,,,,,,,,,,,,0,,,,,PRESSO BUCAP,,0,[]
17927,63120,18298,63120,,,,,,,,,,,,,,0,,,,,PRESSO BUCAP,,0,[]
17928,63120,18299,63120,,,,,,,,,,,,,,0,,,,,PRESSO BUCAP,,0,[]
17929,63118,18300,63118,,,,,,,,,,,,,,0,,,,,PRESSO BUCAP,,0,[]
17930,63118,18301,63118,,,,,,,,,,,,,,0,,,,,PRESSO BUCAP,,0,[]
17931,63115,18302,63115,,,,,,,,,,,,,,0,,,,,PRESSO BUCAP,,0,[]
17932,63117,18303,63117,,,,,,,,,,,,,,0,,,,,PRESSO BUCAP,,0,[]
17933,63114,18304,63114,,,,,,,,,,,,,,0,,,,,PRESSO BUCAP,,0,[]
17934,63114,18305,63114,,,,,,,,,,,,,,0,,,,,PRESSO BUCAP,,0,[]
17935,63122,18306,63122,,,,,,,,,,,,,,0,,,,,PRESSO BUCAP,,0,[]
17936,63122,18307,63122,,,,,,,,,,,,,,0,,,,,PRESSO BUCAP,,0,[]
17937,63112,18308,63112,,,,,,,,,,,,,,0,,,,,PRESSO BUCAP,,0,[]
17938,63112,18309,63112,,,,,,,,,,,,,,0,,,,,PRESSO BUCAP,,0,[]
17990,47687,19151,47687,,,,,,,,,,,,,,0,,,,,PRESSO BUCAP,,0,[]
18024,47707,19152,47707,,,,,,,,,,,,,,0,,,,,PRESSO BUCAP,,0,[]
18041,63279,18984,63279,ROME,ITALY,ENGINEERING,PRJ010,EVT+10Y,ENGINEERING ADMINISTRATION,2020-01-01T00:00:00,2020-12-31T00:00:00,2408,ETILENO XXI PROJECT - F.E.E.D.,AG-PG,PROJECT CLOSED,2021-01-01T00:00:00,3650,2030-12-30T00:00:00,CONFIDENTIAL,,,PRESSO BUCAP,,0,[]
18118,61430,18485,61430,,,,,,,,,,,,,,0,,,,,PRESSO BUCAP,,0,[]
18119,61429,18486,61429,,,,,,,,,,,,,,0,,,,,PRESSO BUCAP,,0,[]
18121,61431,18488,61431,,,,,,,,,,,,,,0,,,,,PRESSO BUCAP,,0,[]
18124,61409,18491,61409,,,,,,,,,,,,,,0,,,,,PRESSO BUCAP,,0,[]
18132,61443,18499,61443,,,,,,,,,,,,,,0,,,,,PRESSO BUCAP,,0,[]
18151,63308,19002,63308,,,,,,,,,,,,,,0,,,,,PRESSO BUCAP,,0,[]
18169,61448,18535,61448,,,,,,,,,,,,,,0,,,,,PRESSO BUCAP,,0,[]
18170,61436,18536,61436,,,,,,,,,,,,,,0,,,,,PRESSO BUCAP,,0,[]
18174,61442,18540,61442,,,,,,,,,,,,,,0,,,,,PRESSO BUCAP,,0,[]
18175,61426,18541,61426,,,,,,,,,,,,,,0,,,,,PRESSO BUCAP,,0,[]
18178,61444,18544,61444,,,,,,,,,,,,,,0,,,,,PRESSO BUCAP,,0,[]
18179,61439,18545,61439,,,,,,,,,,,,,,0,,,,,PRESSO BUCAP,,0,[]
18187,61437,18553,61437,,,,,,,,,,,,,,0,,,,,PRESSO BUCAP,,0,[]
18188,61434,18554,61434,,,,,,,,,,,,,,0,,,,,PRESSO BUCAP,,0,[]
18189,61440,18555,61440,,,,,,,,,,,,,,0,,,,,PRESSO BUCAP,,0,[]
18194,61441,18560,61441,,,,,,,,,,,,,,0,,,,,PRESSO BUCAP,,0,[]
18196,61446,18562,61446,,,,,,,,,,,,,,0,,,,,PRESSO BUCAP,,0,[]
18200,61438,18566,61438,,,,,,,,,,,,,,0,,,,,PRESSO BUCAP,,0,[]
18216,31102,18583,31102,,,,,,,,,,,,,,0,,,,,PRESSO BUCAP,,0,[]
18218,31238,18585,31238,,,,,,,,,,,,,,0,,,,,PRESSO BUCAP,,0,[]
18226,39332,18593,39332,,,,,,,,,,,,,,0,,,,,PRESSO BUCAP,,0,[]
18228,39335,18595,39335,,,,,,,,,,,,,,0,,,,,PRESSO BUCAP,,0,[]
18229,61413,18596,61413,,,,,,,,,,,,,,0,,,,,PRESSO BUCAP,,0,[]
18233,61411,18600,61411,,,,,,,,,,,,,,0,,,,,PRESSO BUCAP,,0,[]
18241,61417,18608,61417,,,,,,,,,,,,,,0,,,,,PRESSO BUCAP,,0,[]
18247,61416,18614,61416,,,,,,,,,,,,,,0,,,,,PRESSO BUCAP,,0,[]
18251,61418,18618,61418,,,,,,,,,,,,,,0,,,,,PRESSO BUCAP,,0,[]
18257,61427,18624,61427,,,,,,,,,,,,,,0,,,,,PRESSO BUCAP,,0,[]
18258,47689,19153,47689,,,,,,,,,,,,,,0,,,,,PRESSO BUCAP,,0,[]
18261,31106,18627,31106,,,,,,,,,,,,,,0,,,,,PRESSO BUCAP,,0,[]
18262,61428,18628,61428,,,,,,,,,,,,,,0,,,,,PRESSO BUCAP,,0,[]
18263,31108,18629,31108,,,,,,,,,,,,,,0,,,,,PRESSO BUCAP,,0,[]
18264,61432,18630,61432,,,,,,,,,,,,,,0,,,,,PRESSO BUCAP,,0,[]
18266,61452,18632,61452,,,,,,,,,,,,,,0,,,,,PRESSO BUCAP,,0,[]
18268,61433,18634,61433,,,,,,,,,,,,,,0,,,,,PRESSO BUCAP,,0,[]
18270,61447,18636,61447,,,,,,,,,,,,,,0,,,,,PRESSO BUCAP,,0,[]
18272,61454,18638,61454,,,,,,,,,,,,,,0,,,,,PRESSO BUCAP,,0,[]
18274,61453,18640,61453,,,,,,,,,,,,,,0,,,,,PRESSO BUCAP,,0,[]
18278,61425,18644,61425,,,,,,,,,,,,,,0,,,,,PRESSO BUCAP,,0,[]
18280,61458,18646,61458,,,,,,,,,,,,,,0,,,,,PRESSO BUCAP,,0,[]
18282,47685,19154,47685,,,,,,,,,,,,,,0,,,,,PRESSO BUCAP,,0,[]
18293,61422,18658,61422,,,,,,,,,,,,,,0,,,,,PRESSO BUCAP,,0,[]
18305,61421,18670,61421,,,,,,,,,,,,,,0,,,,,PRESSO BUCAP,,0,[]
18307,61410,18672,61410,,,,,,,,,,,,,,0,,,,,PRESSO BUCAP,,0,[]
18322,47855,19155,47855,,,,,,,,,,,,,,0,,,,,PRESSO BUCAP,,0,[]
18341,47856,19156,47856,,,,,,,,,,,,,,0,,,,,PRESSO BUCAP,,0,[]
18359,47887,19157,47887,,,,,,,,,,,,,,0,,,,,PRESSO BUCAP,,0,[]
18374,39331,18736,39331,,,,,,,,,,,,,,0,,,,,PRESSO BUCAP,,0,[]
18376,39330,18738,39330,,,,,,,,,,,,,,0,,,,,PRESSO BUCAP,,0,[]
18377,39333,18739,39333,,,,,,,,,,,,,,0,,,,,PRESSO BUCAP,,0,[]
18382,31114,18744,31114,,,,,,,,,,,,,,0,,,,,PRESSO BUCAP,,0,[]
18383,31113,18745,31113,,,,,,,,,,,,,,0,,,,,PRESSO BUCAP,,0,[]
18385,39334,18747,39334,,,,,,,,,,,,,,0,,,,,PRESSO BUCAP,,0,[]
18418,59325,19804,59325,,,,,,,,,,,,,,0,,,,,PRESSO BUCAP,,0,[]
18423,63266,18944,63266,,,,,,,,,,,,,,0,,,,,PRESSO BUCAP,,0,[]
18424,63266,18945,63266,ROME,ITALY,ENGINEERING,PRJ010,EVT+10Y,ENGINEERING ADMINISTRATION,2020-01-01T00:00:00,2020-12-31T00:00:00,2544,GRASSROOTS PHARMACEUTICAL SPECIALTIES PLANT - 1ST & 2ND PHASES,AG-PG,PROJECT CLOSED,2021-01-01T00:00:00,3650,2030-12-30T00:00:00,CONFIDENTIAL,,,PRESSO BUCAP,,0,[]
18426,63311,18947,63311,ROME,ITALY,ENGINEERING,PRJ010,EVT+10Y,ENGINEERING ADMINISTRATION,2020-01-01T00:00:00,2020-12-31T00:00:00,2554,GRASSROOTS PHARMACEUTICAL SPECIALTIES PLANT - 1ST & 2ND PHASES,AG-PG,PROJECT CLOSED,2021-01-01T00:00:00,3650,2030-12-30T00:00:00,CONFIDENTIAL,,,PRESSO BUCAP,,0,[]
18427,63311,18948,63311,,,,,,,,,,,,,,0,,,,,PRESSO BUCAP,,0,[]
18429,63305,18950,63305,ROME,ITALY,ENGINEERING,PRJ010,EVT+10Y,ENGINEERING ADMINISTRATION,2020-01-01T00:00:00,2020-12-31T00:00:00,2554,GRASSROOTS PHARMACEUTICAL SPECIALTIES PLANT - 1ST & 2ND PHASES,AG-PG,PROJECT CLOSED,2021-01-01T00:00:00,3650,2030-12-30T00:00:00,CONFIDENTIAL,,,PRESSO BUCAP,,0,[]
18430,63305,18951,63305,,,,,,,,,,,,,,0,,,,,PRESSO BUCAP,,0,[]
18431,63268,18952,63268,ROME,ITALY,ENGINEERING,PRJ010,EVT+10Y,ENGINEERING ADMINISTRATION,2020-01-01T00:00:00,2020-12-31T00:00:00,2544,GRASSROOTS PHARMACEUTICAL SPECIALTIES PLANT - 1ST & 2ND PHASES,AG-PG,PROJECT CLOSED,2021-01-01T00:00:00,3650,2030-12-30T00:00:00,CONFIDENTIAL,,,PRESSO BUCAP,,0,[]
18432,63268,18953,63268,,,,,,,,,,,,,,0,,,,,PRESSO BUCAP,,0,[]
18433,63314,18954,63314,,,,,,,,,,,,,,0,,,,,PRESSO BUCAP,,0,[]
18434,63314,18955,63314,ROME,ITALY,ENGINEERING,PRJ010,EVT+10Y,ENGINEERING ADMINISTRATION,2020-01-01T00:00:00,2020-12-31T00:00:00,2554,GRASSROOTS PHARMACEUTICAL SPECIALTIES PLANT - 1ST & 2ND PHASES,AG-PG,PROJECT CLOSED,2021-01-01T00:00:00,3650,2030-12-30T00:00:00,CONFIDENTIAL,,,PRESSO BUCAP,,0,[]
18435,63267,18956,63267,,,,,,,,,,,,,,0,,,,,PRESSO BUCAP,,0,[]
18436,63267,18957,63267,ROME,ITALY,ENGINEERING,PRJ010,EVT+10Y,ENGINEERING ADMINISTRATION,2020-01-01T00:00:00,2020-12-31T00:00:00,2544,GRASSROOTS PHARMACEUTICAL SPECIALTIES PLANT - 1ST & 2ND PHASES,AG-PG,PROJECT CLOSED,2021-01-01T00:00:00,3650,2030-12-30T00:00:00,CONFIDENTIAL,,,PRESSO BUCAP,,0,[]
18439,47884,19158,47884,,,,,,,,,,,,,,0,,,,,PRESSO BUCAP,,0,[]
18463,63279,18983,63279,,,,,,,,,,,,,,0,,,,,PRESSO BUCAP,,0,[]
18465,63277,18987,63277,ROME,ITALY,ENGINEERING,PRJ010,EVT+10Y,ENGINEERING ADMINISTRATION,2020-01-01T00:00:00,2020-12-31T00:00:00,2408,ETILENO XXI PROJECT - F.E.E.D.,AG-PG,PROJECT CLOSED,2021-01-01T00:00:00,3650,2030-12-30T00:00:00,CONFIDENTIAL,,,PRESSO BUCAP,,0,[]
18466,63277,18988,63277,,,,,,,,,,,,,,0,,,,,PRESSO BUCAP,,0,[]
18467,63278,18989,63278,,,,,,,,,,,,,,0,,,,,PRESSO BUCAP,,0,[]
18468,63278,18990,63278,ROME,ITALY,ENGINEERING,PRJ010,EVT+10Y,ENGINEERING ADMINISTRATION,2020-01-01T00:00:00,2020-12-31T00:00:00,2408,ETILENO XXI PROJECT - F.E.E.D.,AG-PG,PROJECT CLOSED,2021-01-01T00:00:00,3650,2030-12-30T00:00:00,CONFIDENTIAL,,,PRESSO BUCAP,,0,[]
18472,63281,18994,63281,ROME,ITALY,ENGINEERING,PRJ010,EVT+10Y,ENGINEERING ADMINISTRATION,2020-01-01T00:00:00,2020-12-31T00:00:00,2408,ETILENO XXI PROJECT - F.E.E.D.,AG-PG,PROJECT CLOSED,2021-01-01T00:00:00,3650,2030-12-30T00:00:00,CONFIDENTIAL,,,PRESSO BUCAP,,0,[]
18473,63281,18995,63281,,,,,,,,,,,,,,0,,,,,PRESSO BUCAP,,0,[]
18474,63313,18996,63313,,,,,,,,,,,,,,0,,,,,PRESSO BUCAP,,0,[]
18475,63313,18997,63313,ROME,ITALY,ENGINEERING,PRJ010,EVT+10Y,ENGINEERING ADMINISTRATION,2020-01-01T00:00:00,2020-12-31T00:00:00,2554,GRASSROOTS PHARMACEUTICAL SPECIALTIES PLANT - 1ST & 2ND PHASES,AG-PG,PROJECT CLOSED,2021-01-01T00:00:00,3650,2030-12-30T00:00:00,CONFIDENTIAL,,,PRESSO BUCAP,,0,[]
18476,63315,18998,63315,,,,,,,,,,,,,,0,,,,,PRESSO BUCAP,,0,[]
18477,63315,18999,63315,ROME,ITALY,ENGINEERING,PRJ010,EVT+10Y,ENGINEERING ADMINISTRATION,2020-01-01T00:00:00,2020-12-31T00:00:00,2554,GRASSROOTS PHARMACEUTICAL SPECIALTIES PLANT - 1ST & 2ND PHASES,AG-PG,PROJECT CLOSED,2021-01-01T00:00:00,3650,2030-12-30T00:00:00,CONFIDENTIAL,,,PRESSO BUCAP,,0,[]
18478,63280,19000,63280,,,,,,,,,,,,,,0,,,,,PRESSO BUCAP,,0,[]
18479,63280,19001,63280,ROME,ITALY,ENGINEERING,PRJ010,EVT+10Y,ENGINEERING ADMINISTRATION,2020-01-01T00:00:00,2020-12-31T00:00:00,2408,ETILENO XXI PROJECT - F.E.E.D.,AG-PG,PROJECT CLOSED,2021-01-01T00:00:00,3650,2030-12-30T00:00:00,CONFIDENTIAL,,,PRESSO BUCAP,,0,[]
18484,59307,19805,59307,,,,,,,,,,,,,,0,,,,,PRESSO BUCAP,,0,[]
18485,63308,19003,63308,ROME,ITALY,ENGINEERING,PRJ010,EVT+10Y,ENGINEERING ADMINISTRATION,2020-01-01T00:00:00,2020-12-31T00:00:00,2554,GRASSROOTS PHARMACEUTICAL SPECIALTIES PLANT - 1ST & 2ND PHASES,AG-PG,PROJECT CLOSED,2021-01-01T00:00:00,3650,2030-12-30T00:00:00,CONFIDENTIAL,,,PRESSO BUCAP,,0,[]
18486,63316,19004,63316,ROME,ITALY,ENGINEERING,PRJ010,EVT+10Y,ENGINEERING ADMINISTRATION,2020-01-01T00:00:00,2020-12-31T00:00:00,2554,GRASSROOTS PHARMACEUTICAL SPECIALTIES PLANT - 1ST & 2ND PHASES,AG-PG,PROJECT CLOSED,2021-01-01T00:00:00,3650,2030-12-30T00:00:00,CONFIDENTIAL,,,PRESSO BUCAP,,0,[]
18487,63316,19005,63316,,,,,,,,,,,,,,0,,,,,PRESSO BUCAP,,0,[]
18489,63271,19007,63271,,,,,,,,,,,,,,0,,,,,PRESSO BUCAP,,0,[]
18490,63271,19008,63271,ROME,ITALY,ENGINEERING,PRJ010,EVT+10Y,ENGINEERING ADMINISTRATION,2020-01-01T00:00:00,2020-12-31T00:00:00,2408,ETILENO XXI PROJECT - F.E.E.D.,AG-PG,PROJECT CLOSED,2021-01-01T00:00:00,3650,2030-12-30T00:00:00,CONFIDENTIAL,,,PRESSO BUCAP,,0,[]
18524,47832,19089,47832,,,,,,,,,,,,,,0,,,,,PRESSO BUCAP,,0,[]
18543,47835,19090,47835,,,,,,,,,,,,,,0,,,,,PRESSO BUCAP,,0,[]
18580,59328,19806,59328,,,,,,,,,,,,,,0,,,,,PRESSO BUCAP,,0,[]
18582,47833,19092,47833,,,,,,,,,,,,,,0,,,,,PRESSO BUCAP,,0,[]
18584,47743,19094,47743,,,,,,,,,,,,,,0,,,,,PRESSO BUCAP,,0,[]
18585,47825,19095,47825,,,,,,,,,,,,,,0,,,,,PRESSO BUCAP,,0,[]
18587,47722,19097,47722,,,,,,,,,,,,,,0,,,,,PRESSO BUCAP,,0,[]
18589,47676,19099,47676,,,,,,,,,,,,,,0,,,,,PRESSO BUCAP,,0,[]
18590,47723,19100,47723,,,,,,,,,,,,,,0,,,,,PRESSO BUCAP,,0,[]
18591,47756,19101,47756,,,,,,,,,,,,,,0,,,,,PRESSO BUCAP,,0,[]
18592,47652,19102,47652,,,,,,,,,,,,,,0,,,,,PRESSO BUCAP,,0,[]
18593,47726,19103,47726,,,,,,,,,,,,,,0,,,,,PRESSO BUCAP,,0,[]
18595,47658,19105,47658,,,,,,,,,,,,,,0,,,,,PRESSO BUCAP,,0,[]
18596,47653,19106,47653,,,,,,,,,,,,,,0,,,,,PRESSO BUCAP,,0,[]
18601,47883,19111,47883,,,,,,,,,,,,,,0,,,,,PRESSO BUCAP,,0,[]
18603,47651,19113,47651,,,,,,,,,,,,,,0,,,,,PRESSO BUCAP,,0,[]
18606,47663,19123,47663,,,,,,,,,,,,,,0,,,,,PRESSO BUCAP,,0,[]
18607,47659,19124,47659,,,,,,,,,,,,,,0,,,,,PRESSO BUCAP,,0,[]
18608,47654,19125,47654,,,,,,,,,,,,,,0,,,,,PRESSO BUCAP,,0,[]
18609,47656,19126,47656,,,,,,,,,,,,,,0,,,,,PRESSO BUCAP,,0,[]
18610,47661,19127,47661,,,,,,,,,,,,,,0,,,,,PRESSO BUCAP,,0,[]
18611,47877,19128,47877,,,,,,,,,,,,,,0,,,,,PRESSO BUCAP,,0,[]
18612,47862,19129,47862,,,,,,,,,,,,,,0,,,,,PRESSO BUCAP,,0,[]
18613,47869,19130,47869,,,,,,,,,,,,,,0,,,,,PRESSO BUCAP,,0,[]
18614,47861,19131,47861,,,,,,,,,,,,,,0,,,,,PRESSO BUCAP,,0,[]
18616,47667,19133,47667,,,,,,,,,,,,,,0,,,,,PRESSO BUCAP,,0,[]
18618,47876,19135,47876,,,,,,,,,,,,,,0,,,,,PRESSO BUCAP,,0,[]
18619,47868,19136,47868,,,,,,,,,,,,,,0,,,,,PRESSO BUCAP,,0,[]
18620,47854,19137,47854,,,,,,,,,,,,,,0,,,,,PRESSO BUCAP,,0,[]
18621,47857,19138,47857,,,,,,,,,,,,,,0,,,,,PRESSO BUCAP,,0,[]
18622,47698,19139,47698,,,,,,,,,,,,,,0,,,,,PRESSO BUCAP,,0,[]
18623,47701,19140,47701,,,,,,,,,,,,,,0,,,,,PRESSO BUCAP,,0,[]
18624,47692,19141,47692,,,,,,,,,,,,,,0,,,,,PRESSO BUCAP,,0,[]
18625,47684,19142,47684,,,,,,,,,,,,,,0,,,,,PRESSO BUCAP,,0,[]
18626,47688,19143,47688,,,,,,,,,,,,,,0,,,,,PRESSO BUCAP,,0,[]
18627,47681,19144,47681,,,,,,,,,,,,,,0,,,,,PRESSO BUCAP,,0,[]
18628,47680,19145,47680,,,,,,,,,,,,,,0,,,,,PRESSO BUCAP,,0,[]
18629,47699,19146,47699,,,,,,,,,,,,,,0,,,,,PRESSO BUCAP,,0,[]
18630,47700,19147,47700,,,,,,,,,,,,,,0,,,,,PRESSO BUCAP,,0,[]
18631,47709,19148,47709,,,,,,,,,,,,,,0,,,,,PRESSO BUCAP,,0,[]
18632,47697,19149,47697,,,,,,,,,,,,,,0,,,,,PRESSO BUCAP,,0,[]
18633,47690,19150,47690,,,,,,,,,,,,,,0,,,,,PRESSO BUCAP,,0,[]
18635,47662,19160,47662,,,,,,,,,,,,,,0,,,,,PRESSO BUCAP,,0,[]
18639,47713,19164,47713,,,,,,,,,,,,,,0,,,,,PRESSO BUCAP,,0,[]
18640,47708,19165,47708,,,,,,,,,,,,,,0,,,,,PRESSO BUCAP,,0,[]
18641,47850,19166,47850,,,,,,,,,,,,,,0,,,,,PRESSO BUCAP,,0,[]
18642,47841,19167,47841,,,,,,,,,,,,,,0,,,,,PRESSO BUCAP,,0,[]
18643,47849,19168,47849,,,,,,,,,,,,,,0,,,,,PRESSO BUCAP,,0,[]
18644,47838,19169,47838,,,,,,,,,,,,,,0,,,,,PRESSO BUCAP,,0,[]
18645,47843,19170,47843,,,,,,,,,,,,,,0,,,,,PRESSO BUCAP,,0,[]
18646,47824,19171,47824,,,,,,,,,,,,,,0,,,,,PRESSO BUCAP,,0,[]
18647,47678,19172,47678,,,,,,,,,,,,,,0,,,,,PRESSO BUCAP,,0,[]
18648,47840,19173,47840,,,,,,,,,,,,,,0,,,,,PRESSO BUCAP,,0,[]
18649,47839,19174,47839,,,,,,,,,,,,,,0,,,,,PRESSO BUCAP,,0,[]
18650,47837,19175,47837,,,,,,,,,,,,,,0,,,,,PRESSO BUCAP,,0,[]
18651,47693,19176,47693,,,,,,,,,,,,,,0,,,,,PRESSO BUCAP,,0,[]
18652,47848,19177,47848,,,,,,,,,,,,,,0,,,,,PRESSO BUCAP,,0,[]
18653,47842,19178,47842,,,,,,,,,,,,,,0,,,,,PRESSO BUCAP,,0,[]
18654,47844,19179,47844,,,,,,,,,,,,,,0,,,,,PRESSO BUCAP,,0,[]
18655,47886,19180,47886,,,,,,,,,,,,,,0,,,,,PRESSO BUCAP,,0,[]
18656,47885,19181,47885,,,,,,,,,,,,,,0,,,,,PRESSO BUCAP,,0,[]
18657,47874,19182,47874,,,,,,,,,,,,,,0,,,,,PRESSO BUCAP,,0,[]
18658,47871,19183,47871,,,,,,,,,,,,,,0,,,,,PRESSO BUCAP,,0,[]
18659,47873,19184,47873,,,,,,,,,,,,,,0,,,,,PRESSO BUCAP,,0,[]
18660,47870,19185,47870,,,,,,,,,,,,,,0,,,,,PRESSO BUCAP,,0,[]
18661,47872,19186,47872,,,,,,,,,,,,,,0,,,,,PRESSO BUCAP,,0,[]
18662,19575,19187,19575,,,,,,,,,,,,,,0,,,,,PRESSO BUCAP,,0,[]
18665,47822,19189,47822,,,,,,,,,,,,,,0,,,,,PRESSO BUCAP,,0,[]
18666,47670,19190,47670,,,,,,,,,,,,,,0,,,,,PRESSO BUCAP,,0,[]
18667,47819,19191,47819,,,,,,,,,,,,,,0,,,,,PRESSO BUCAP,,0,[]
18668,47836,19192,47836,,,,,,,,,,,,,,0,,,,,PRESSO BUCAP,,0,[]
18669,47827,19193,47827,,,,,,,,,,,,,,0,,,,,PRESSO BUCAP,,0,[]
18670,47820,19194,47820,,,,,,,,,,,,,,0,,,,,PRESSO BUCAP,,0,[]
18671,47851,19195,47851,,,,,,,,,,,,,,0,,,,,PRESSO BUCAP,,0,[]
18672,47867,19196,47867,,,,,,,,,,,,,,0,,,,,PRESSO BUCAP,,0,[]
18673,47852,19197,47852,,,,,,,,,,,,,,0,,,,,PRESSO BUCAP,,0,[]
18674,47853,19198,47853,,,,,,,,,,,,,,0,,,,,PRESSO BUCAP,,0,[]
18675,47860,19199,47860,,,,,,,,,,,,,,0,,,,,PRESSO BUCAP,,0,[]
18676,47864,19200,47864,,,,,,,,,,,,,,0,,,,,PRESSO BUCAP,,0,[]
18677,47858,19201,47858,,,,,,,,,,,,,,0,,,,,PRESSO BUCAP,,0,[]
18678,47691,19202,47691,,,,,,,,,,,,,,0,,,,,PRESSO BUCAP,,0,[]
18679,47694,19203,47694,,,,,,,,,,,,,,0,,,,,PRESSO BUCAP,,0,[]
18680,47823,19204,47823,,,,,,,,,,,,,,0,,,,,PRESSO BUCAP,,0,[]
18681,47826,19205,47826,,,,,,,,,,,,,,0,,,,,PRESSO BUCAP,,0,[]
18682,47830,19206,47830,,,,,,,,,,,,,,0,,,,,PRESSO BUCAP,,0,[]
18683,47682,19207,47682,,,,,,,,,,,,,,0,,,,,PRESSO BUCAP,,0,[]
18684,47846,19208,47846,,,,,,,,,,,,,,0,,,,,PRESSO BUCAP,,0,[]
18685,47828,19209,47828,,,,,,,,,,,,,,0,,,,,PRESSO BUCAP,,0,[]
18686,47847,19210,47847,,,,,,,,,,,,,,0,,,,,PRESSO BUCAP,,0,[]
18687,47665,19211,47665,,,,,,,,,,,,,,0,,,,,PRESSO BUCAP,,0,[]
18688,47859,19212,47859,,,,,,,,,,,,,,0,,,,,PRESSO BUCAP,,0,[]
18689,47683,19213,47683,,,,,,,,,,,,,,0,,,,,PRESSO BUCAP,,0,[]
18735,59265,19260,59265,,,,,,,,,,,,,,0,,,,,PRESSO BUCAP,,0,[]
18772,45366,19295,45366,,,,,,,,,,,,,,0,,,,,PRESSO BUCAP,,0,[]
18796,45371,19319,45371,,,,,,,,,,,,,,0,,,,,PRESSO BUCAP,,0,[]
18962,14703,19482,14703,,,,,,,,,,,,,,0,,,,,PRESSO BUCAP,,0,[]
18963,16940,19483,16940,,,,,,,,,,,,,,0,,,,,PRESSO BUCAP,,0,[]
19216,47367,19760,47367,,,,,,,,,,,,,,0,,,,,PRESSO BUCAP,,0,[]
19217,47668,19761,47668,,,,,,,,,,,,,,0,,,,,PRESSO BUCAP,,0,[]
19218,47664,19762,47664,,,,,,,,,,,,,,0,,,,,PRESSO BUCAP,,0,[]
19223,47657,19767,47657,,,,,,,,,,,,,,0,,,,,PRESSO BUCAP,,0,[]
19224,47669,19768,47669,,,,,,,,,,,,,,0,,,,,PRESSO BUCAP,,0,[]
19227,47740,19771,47740,,,,,,,,,,,,,,0,,,,,PRESSO BUCAP,,0,[]
19228,47757,19772,47757,,,,,,,,,,,,,,0,,,,,PRESSO BUCAP,,0,[]
19229,47752,19773,47752,,,,,,,,,,,,,,0,,,,,PRESSO BUCAP,,0,[]
19230,47742,19774,47742,,,,,,,,,,,,,,0,,,,,PRESSO BUCAP,,0,[]
19231,47724,19775,47724,,,,,,,,,,,,,,0,,,,,PRESSO BUCAP,,0,[]
19232,47753,19776,47753,,,,,,,,,,,,,,0,,,,,PRESSO BUCAP,,0,[]
19233,47741,19777,47741,,,,,,,,,,,,,,0,,,,,PRESSO BUCAP,,0,[]
19234,47716,19778,47716,,,,,,,,,,,,,,0,,,,,PRESSO BUCAP,,0,[]
19256,47746,19801,47746,,,,,,,,,,,,,,0,,,,,PRESSO BUCAP,,0,[]
19258,59272,19803,59272,,,,,,,,,,,,,,0,,,,,PRESSO BUCAP,,0,[]
19259,59293,19829,59293,,,,,,,,,,,,,,0,,,,,PRESSO BUCAP,,0,[]
19260,59266,19830,59266,,,,,,,,,,,,,,0,,,,,PRESSO BUCAP,,0,[]
19261,59268,19831,59268,,,,,,,,,,,,,,0,,,,,PRESSO BUCAP,,0,[]
19262,59296,19832,59296,,,,,,,,,,,,,,0,,,,,PRESSO BUCAP,,0,[]
19263,59278,19833,59278,,,,,,,,,,,,,,0,,,,,PRESSO BUCAP,,0,[]
19265,47675,19835,47675,,,,,,,,,,,,,,0,,,,,PRESSO BUCAP,,0,[]
19266,47677,19836,47677,,,,,,,,,,,,,,0,,,,,PRESSO BUCAP,,0,[]
19267,47671,19837,47671,,,,,,,,,,,,,,0,,,,,PRESSO BUCAP,,0,[]
19272,47655,19841,47655,,,,,,,,,,,,,,0,,,,,PRESSO BUCAP,,0,[]
19274,47727,19843,47727,,,,,,,,,,,,,,0,,,,,PRESSO BUCAP,,0,[]
19275,47720,19844,47720,,,,,,,,,,,,,,0,,,,,PRESSO BUCAP,,0,[]
19276,47754,19845,47754,,,,,,,,,,,,,,0,,,,,PRESSO BUCAP,,0,[]
19280,47674,19849,47674,,,,,,,,,,,,,,0,,,,,PRESSO BUCAP,,0,[]
19283,47666,19852,47666,,,,,,,,,,,,,,0,,,,,PRESSO BUCAP,,0,[]
19376,17355,19943,17355,,,,,,,,,,,,,,0,,,,,PRESSO BUCAP,,0,[]
19464,17876,20030,17876,,,,,,,,,,,,,,0,,,,,PRESSO BUCAP,,0,[]
19471,17208,20037,17208,,,,,,,,,,,,,,0,,,,,PRESSO BUCAP,,0,[]
19473,17501,20039,17501,,,,,,,,,,,,,,0,,,,,PRESSO BUCAP,,0,[]
19490,17270,20055,17270,,,,,,,,,,,,,,0,,,,,PRESSO BUCAP,,0,[]
19493,17402,20058,17402,,,,,,,,,,,,,,0,,,,,PRESSO BUCAP,,0,[]
19502,16592,20067,16592,,,,,,,,,,,,,,0,,,,,PRESSO BUCAP,,0,[]
19558,17723,20128,17723,,,,,,,,,,,,,,0,,,,,PRESSO BUCAP,,0,[]
19561,16688,20131,16688,,,,,,,,,,,,,,0,,,,,PRESSO BUCAP,,0,[]
19572,17211,20142,17211,,,,,,,,,,,,,,0,,,,,PRESSO BUCAP,,0,[]
19580,13140,20150,13140,,,,,,,,,,,,,,0,,,,,PRESSO BUCAP,,0,[]
19582,46177,20152,46177,,,,,,,,,,,,,,0,,,,,PRESSO BUCAP,,0,[]
19626,26191,20196,26191,,,,,,,,,,,,,,0,,,,,PRESSO BUCAP,,0,[]
19642,20421,20212,20421,,,,,,,,,,,,,,0,,,,,PRESSO BUCAP,,0,[]
19645,32968,20215,32968,,,,,,,,,,,,,,0,,,,,PRESSO BUCAP,,0,[]
19651,33735,20221,33735,,,,,,,,,,,,,,0,,,,,PRESSO BUCAP,,0,[]
19653,26172,20223,26172,,,,,,,,,,,,,,0,,,,,PRESSO BUCAP,,0,[]
19659,32886,20229,32886,,,,,,,,,,,,,,0,,,,,PRESSO BUCAP,,0,[]
19660,33734,20230,33734,,,,,,,,,,,,,,0,,,,,PRESSO BUCAP,,0,[]
19732,20335,20302,20335,,,,,,,,,,,,,,0,,,,,PRESSO BUCAP,,0,[]
19829,43813,20397,43813,,,,,,,,,,,,,,0,,,,,PRESSO BUCAP,,0,[]
19868,59271,19807,59271,,,,,,,,,,,,,,0,,,,,PRESSO BUCAP,,0,[]
19910,45682,13713,45682,,,,,,,,,,,,,,0,,,,,PRESSO BUCAP,,0,[]
19912,45355,13715,45355,,,,,,,,,,,,,,0,,,,,PRESSO BUCAP,,0,[]
19925,59298,19808,59298,,,,,,,,,,,,,,0,,,,,PRESSO BUCAP,,0,[]
20005,59267,19809,59267,,,,,,,,,,,,,,0,,,,,PRESSO BUCAP,,0,[]
20012,45372,13864,45372,,,,,,,,,,,,,,0,,,,,PRESSO BUCAP,,0,[]
20025,45311,11466,45311,,,,,,,,,,,,,,0,,,,,PRESSO BUCAP,,0,[]
20037,32975,11478,32975,,,,,,,,,,,,,,0,,,,,PRESSO BUCAP,,0,[]
20064,59275,19815,59275,,,,,,,,,,,,,,0,,,,,PRESSO BUCAP,,0,[]
20065,47744,19816,47744,,,,,,,,,,,,,,0,,,,,PRESSO BUCAP,,0,[]
20066,47706,19817,47706,,,,,,,,,,,,,,0,,,,,PRESSO BUCAP,,0,[]
20067,47755,19818,47755,,,,,,,,,,,,,,0,,,,,PRESSO BUCAP,,0,[]
20068,47729,19819,47729,,,,,,,,,,,,,,0,,,,,PRESSO BUCAP,,0,[]
20069,59318,19820,59318,,,,,,,,,,,,,,0,,,,,PRESSO BUCAP,,0,[]
20070,59262,19821,59262,,,,,,,,,,,,,,0,,,,,PRESSO BUCAP,,0,[]
20071,59260,19822,59260,,,,,,,,,,,,,,0,,,,,PRESSO BUCAP,,0,[]
20072,59309,19823,59309,,,,,,,,,,,,,,0,,,,,PRESSO BUCAP,,0,[]
20073,59321,19824,59321,,,,,,,,,,,,,,0,,,,,PRESSO BUCAP,,0,[]
20074,59313,19825,59313,,,,,,,,,,,,,,0,,,,,PRESSO BUCAP,,0,[]
20075,59274,19826,59274,,,,,,,,,,,,,,0,,,,,PRESSO BUCAP,,0,[]
20076,59269,19827,59269,,,,,,,,,,,,,,0,,,,,PRESSO BUCAP,,0,[]
20077,59319,19828,59319,,,,,,,,,,,,,,0,,,,,PRESSO BUCAP,,0,[]
20103,45308,12323,45308,,,,,,,,,,,,,,0,,,,,PRESSO BUCAP,,0,[]
20130,59354,9080,59354,,,,,,,,,,,,,,0,,,,,PRESSO BUCAP,,0,[]
20143,59368,9093,59368,,,,,,,,,,,,,,0,,,,,PRESSO BUCAP,,0,[]
20145,59372,9095,59372,,,,,,,,,,,,,,0,,,,,PRESSO BUCAP,,0,[]
20152,45283,11783,45283,,,,,,,,,,,,,,0,,,,,PRESSO BUCAP,,0,[]
20169,45314,11800,45314,,,,,,,,,,,,,,0,,,,,PRESSO BUCAP,,0,[]
20173,26194,11804,26194,,,,,,,,,,,,,,0,,,,,PRESSO BUCAP,,0,[]
20201,31878,11806,31878,,,,,,,,,,,,,,0,,,,,PRESSO BUCAP,,0,[]
20208,32908,11813,32908,,,,,,,,,,,,,,0,,,,,PRESSO BUCAP,,0,[]
20214,45370,11819,45370,,,,,,,,,,,,,,0,,,,,PRESSO BUCAP,,0,[]
20230,45316,11835,45316,,,,,,,,,,,,,,0,,,,,PRESSO BUCAP,,0,[]
20237,30958,11842,30958,,,,,,,,,,,,,,0,,,,,PRESSO BUCAP,,0,[]
20254,32931,12149,32931,,,,,,,,,,,,,,0,,,,,PRESSO BUCAP,,0,[]
20318,14947,12085,14947,,,,,,,,,,,,,,0,,,,,PRESSO BUCAP,,0,[]
20333,59554,20929,59554,,,,,,,,,,,,,,0,,,,,PRESSO BUCAP,,0,[]
20342,19208,12058,19208,,,,,,,,,,,,,,0,,,,,PRESSO BUCAP,,0,[]
20347,19193,12063,19193,,,,,,,,,,,,,,0,,,,,PRESSO BUCAP,,0,[]
20350,19178,12066,19178,,,,,,,,,,,,,,0,,,,,PRESSO BUCAP,,0,[]
20365,14738,12030,14738,,,,,,,,,,,,,,0,,,,,PRESSO BUCAP,,0,[]
20370,59537,20931,59537,,,,,,,,,,,,,,0,,,,,PRESSO BUCAP,,0,[]
20426,13247,12115,13247,,,,,,,,,,,,,,0,,,,,PRESSO BUCAP,,0,[]
20434,45686,12123,45686,,,,,,,,,,,,,,0,,,,,PRESSO BUCAP,,0,[]
20435,26188,12124,26188,,,,,,,,,,,,,,0,,,,,PRESSO BUCAP,,0,[]
20438,32917,12127,32917,,,,,,,,,,,,,,0,,,,,PRESSO BUCAP,,0,[]
20439,26163,12128,26163,,,,,,,,,,,,,,0,,,,,PRESSO BUCAP,,0,[]
20459,32921,12173,32921,,,,,,,,,,,,,,0,,,,,PRESSO BUCAP,,0,[]
20462,45251,12176,45251,,,,,,,,,,,,,,0,,,,,PRESSO BUCAP,,0,[]
20466,31868,12180,31868,,,,,,,,,,,,,,0,,,,,PRESSO BUCAP,,0,[]
20477,26162,12190,26162,,,,,,,,,,,,,,0,,,,,PRESSO BUCAP,,0,[]
20638,59528,20785,59528,,,,,,,,,,,,,,0,,,,,PRESSO BUCAP,,0,[]
20743,59204,20888,59204,,,,,,,,,,,,,,0,,,,,PRESSO BUCAP,,0,[]
20748,59534,20893,59534,,,,,,,,,,,,,,0,,,,,PRESSO BUCAP,,0,[]
20777,60068,20924,60068,,,,,,,,,,,,,,0,,,,,PRESSO BUCAP,,0,[]
20778,60065,20925,60065,,,,,,,,,,,,,,0,,,,,PRESSO BUCAP,,0,[]
20780,59696,20937,59696,,,,,,,,,,,,,,0,,,,,PRESSO BUCAP,,0,[]
20806,59558,20962,59558,,,,,,,,,,,,,,0,,,,,PRESSO BUCAP,,0,[]
20809,59553,20965,59553,,,,,,,,,,,,,,0,,,,,PRESSO BUCAP,,0,[]
20823,60064,20978,60064,,,,,,,,,,,,,,0,,,,,PRESSO BUCAP,,0,[]
20824,60063,20979,60063,,,,,,,,,,,,,,0,,,,,PRESSO BUCAP,,0,[]
20825,60062,20980,60062,,,,,,,,,,,,,,0,,,,,PRESSO BUCAP,,0,[]
20826,60061,20981,60061,,,,,,,,,,,,,,0,,,,,PRESSO BUCAP,,0,[]
20846,59569,21003,59569,,,,,,,,,,,,,,0,,,,,PRESSO BUCAP,,0,[]
20898,60105,21054,60105,,,,,,,,,,,,,,0,,,,,PRESSO BUCAP,,0,[]
20986,60110,21165,60110,,,,,,,,,,,,,,0,,,,,PRESSO BUCAP,,0,[]
20998,60084,21154,60084,,,,,,,,,,,,,,0,,,,,PRESSO BUCAP,,0,[]
20999,60104,21155,60104,,,,,,,,,,,,,,0,,,,,PRESSO BUCAP,,0,[]
21000,60083,21156,60083,,,,,,,,,,,,,,0,,,,,PRESSO BUCAP,,0,[]
21003,60112,21159,60112,,,,,,,,,,,,,,0,,,,,PRESSO BUCAP,,0,[]
21004,60106,21160,60106,,,,,,,,,,,,,,0,,,,,PRESSO BUCAP,,0,[]
21006,60108,21162,60108,,,,,,,,,,,,,,0,,,,,PRESSO BUCAP,,0,[]
21007,60111,21163,60111,,,,,,,,,,,,,,0,,,,,PRESSO BUCAP,,0,[]
21008,60109,21164,60109,,,,,,,,,,,,,,0,,,,,PRESSO BUCAP,,0,[]
21009,60069,21166,60069,,,,,,,,,,,,,,0,,,,,PRESSO BUCAP,,0,[]
21010,60067,21167,60067,,,,,,,,,,,,,,0,,,,,PRESSO BUCAP,,0,[]
21011,60066,21168,60066,,,,,,,,,,,,,,0,,,,,PRESSO BUCAP,,0,[]
21043,61784,14836,61784,,,,,,,,,,,,,,0,,,,,IN CONSULTAZIONE PRESSO BECIANI ANDREA DAL 25/09/2026,,0,[]
21044,61785,14847,61785,,,,,,,,,,,,,,0,,,,,IN CONSULTAZIONE PRESSO BECIANI ANDREA DAL 25/09/2026,,0,[]
21109,15510,21264,15510,,,,,,,,,,,,,,0,,,,,PRESSO BUCAP,,0,[]
