box_id,box_name,section_id,section_name,area_id,area_name,site_id,site_name,volume_count,volume_name_sample
27091,60979,26449,3519,60,AS 032,45,A-B,5," - SERVIZI GENRALI -  - CUTRONA -  -  - 
 | NOTE SPESE PER CASSA | CONTRATTO SCHINDLER-RAPPORTINI ASCENSORI-ASSISTENZA TECNICA | AFFITTI PASSIVI- PARROCCHIA NATIVITA' DI MARIA SANTISSIMA | AFFITTI PASSIVI- STI SERVIZI -ALMA. EDIFICIO C2 6° PIANO E 3° PIANO"
29298,60979,63,23802,25,WA05,46,W-A-4-5-6,0,
29300,60979,20280,21701,32,WC06,50,W-C-6,0,
29310,60979,34,21270,23,WA06,46,W-A-4-5-6,0,
29326,60979,34,21270,23,WA06,46,W-A-4-5-6,0,
29327,60979,34,21270,23,WA06,46,W-A-4-5-6,0,
29329,60979,34,21270,23,WA06,46,W-A-4-5-6,0,
29330,60979,34,21270,23,WA06,46,W-A-4-5-6,0,
29331,60979,34,21270,23,WA06,46,W-A-4-5-6,0,
29332,60979,34,21270,23,WA06,46,W-A-4-5-6,0,
29333,60979,34,21270,23,WA06,46,W-A-4-5-6,0,
29334,60979,34,21270,23,WA06,46,W-A-4-5-6,0,
29335,60979,34,21270,23,WA06,46,W-A-4-5-6,0,
29336,60979,34,21270,23,WA06,46,W-A-4-5-6,0,
29337,60979,34,21270,23,WA06,46,W-A-4-5-6,0,
