Box ID;Box Name
732;13244
733;13248
3946;16598
3947;16600
3948;16601
3949;16606
3950;16607
4929;17831
4930;17832
4931;17833
4932;17834
4933;17835
4934;17836
4935;17837
4936;17838
4937;17839
5006;17924
6836;20794
6837;20809
7791;21814
8045;22080
8072;22109
8101;22138
8863;22952
8939;23032
8940;23033
8941;23034
8942;23035
8943;23036
8944;23037
8945;23038
8946;23039
8947;23040
8948;23041
8949;23042
8950;23043
8951;23044
8952;23045
8953;23046
8954;23047
8955;23048
8956;23049
9099;23197
9100;23198
9101;23199
9102;23200
9103;23201
9104;23202
10464;25763
10465;25764
10466;25765
10467;25766
10468;25767
10469;25768
10470;25769
10471;25770
10472;25771
10473;25772
10474;25773
10475;25774
10476;25775
10477;25776
10708;26010
10727;26030
10788;26093
10789;26094
10790;26095
10791;26096
10792;26097
10793;26098
10794;26099
10795;26100
10796;26101
10797;26102
10798;26103
10799;26104
10800;26105
10801;26106
10802;26107
10803;26108
10804;26109
10805;26110
10806;26111
10807;26112
10808;26113
10809;26114
10810;26115
10811;26116
10812;26117
10813;26118
10814;26119
10815;26120
10816;26121
10817;26122
10818;26123
10819;26124
10820;26125
10821;26126
12704;30820
13115;31851
13116;31858
13117;31859
13118;31860
13119;31864
13120;31865
13298;32851
13324;32888
13325;32893
13326;32894
13327;32901
13328;32902
13329;32903
13330;32904
13331;32918
13332;32919
13333;32924
13334;32925
13335;32926
13336;32927
13337;32928
13338;32932
13339;32934
13340;32935
13341;32936
13342;32938
13343;32939
13344;32940
13345;32941
13346;32942
13347;32943
13348;32944
13349;32948
13350;32949
13351;32952
13352;32953
13353;32954
13354;32967
13546;33222
13547;33223
13548;33224
13549;33225
13550;33226
13551;33227
13552;33228
13553;33229
13554;33230
13555;33231
13556;33232
13557;33233
13558;33234
13559;33235
13560;33236
13561;33237
13562;33238
13563;33239
13564;33240
13565;33241
13566;33242
13567;33243
13568;33244
13569;33245
13570;33246
13571;33247
13572;33248
13573;33249
13574;33250
13575;33251
13576;33252
13577;33253
13578;33254
13579;33255
13580;33256
13581;33257
13582;33258
13583;33259
13584;33260
13585;33261
13586;33262
13587;33263
13588;33264
13589;33265
13590;33266
13591;33267
13592;33268
13593;33269
13594;33270
13595;33271
13596;33272
13597;33273
13598;33274
13599;33275
13600;33276
13601;33277
13602;33278
13603;33279
13604;33280
13605;33281
13606;33282
13607;33283
13608;33284
13609;33285
13610;33286
13611;33287
13612;33288
13613;33289
13614;33290
13615;33291
13616;33292
13617;33293
13618;33294
13619;33295
13620;33296
13621;33297
13622;33298
13623;33299
13624;33300
13625;33301
13626;33302
13627;33303
13628;33304
13629;33305
13630;33306
13631;33307
13632;33308
13633;33309
13634;33310
13635;33311
13636;33312
13637;33313
13638;33314
13639;33315
13640;33316
13641;33317
13642;33318
13643;33319
13644;33320
13645;33321
13646;33322
13647;33323
13648;33324
13649;33325
13650;33326
13651;33327
13652;33328
13653;33329
13654;33330
13655;33331
13656;33332
13657;33333
13658;33334
13659;33335
13660;33336
13661;33337
13662;33338
13663;33339
13664;33340
13665;33341
13666;33342
13667;33343
13668;33344
13669;33345
13670;33346
13671;33347
13672;33348
13673;33349
13674;33350
13675;33351
13676;33352
13909;33682
13910;33683
13911;33684
13912;33685
13913;33686
13914;33687
13915;33688
13916;33689
13917;33690
13918;33691
13919;33692
13920;33693
13921;33694
13922;33695
13923;33696
13924;33697
13925;33698
13926;33699
13927;33700
13928;33701
13929;33702
13930;33703
13931;33704
13932;33705
13933;33706
13934;33707
13935;33708
13936;33709
13937;33710
13938;33711
13939;33712
13940;33713
13941;33714
13942;33715
13943;33716
13944;33717
13945;33718
13946;33719
13947;33720
13948;33721
13949;33722
13950;33723
13951;33724
13952;33725
13953;33726
13954;33727
13955;33728
13956;33729
13957;33730
13958;33731
13959;33732
13960;33733
13961;33736
13962;33737
13963;33738
13964;33739
13965;33740
13966;33741
13967;33742
13968;33743
13969;33744
13970;33745
13971;33746
13972;33747
13973;33748
13974;33749
13975;33750
13976;33751
13977;33753
13978;33754
13979;33755
13980;33756
13981;33757
13982;33758
13983;33759
13984;33760
13985;33761
13986;33762
13987;33763
13988;33764
13989;33765
13990;33766
13991;33767
13992;33768
13993;33769
13994;33770
13995;33771
13996;33772
13997;33773
13998;33774
13999;33775
14000;33776
14001;33777
14002;33778
14003;33779
14004;33780
14005;33781
14006;33782
14007;33783
14008;33784
14009;33785
14010;33786
14011;33787
14012;33788
14013;33789
14014;33790
14061;33838
14098;33879
14099;33880
14100;33881
14101;33882
14102;33885
14103;33886
14104;33887
14105;33888
14106;33889
14107;33890
14108;33891
14109;33892
14110;33893
14111;33894
14112;33895
14113;33896
14114;33897
14115;33898
14116;33903
14117;33904
14118;33906
14119;33907
14128;33960
14129;33961
14130;33962
14131;33963
14132;33964
14133;33965
14134;33966
14135;33967
14136;33968
14137;33969
14138;33970
14139;33971
14140;33972
14141;33973
14142;33974
14143;33975
14144;33976
14145;33977
14146;33978
14147;33979
14148;33980
14149;33981
14150;33982
14151;33983
14152;33984
14153;33985
14154;33986
14155;33987
14156;33988
14157;33989
14158;33990
14159;33991
14160;33992
14178;34010
14179;34011
14180;34012
14181;34013
14211;34049
14212;34050
14213;34051
14799;34691
15176;35077
16045;35949
16395;36299
17221;37324
17222;37325
18119;38289
18277;38451
18278;38452
18353;38534
18354;38535
18355;38536
18356;38537
18361;38542
18362;38543
18363;38544
18364;38545
18365;38546
18366;38547
18367;38548
18368;38549
18369;38550
18370;38551
18371;38552
18372;38553
18373;38554
18374;38555
18375;38556
18376;38557
18377;38558
18378;38559
18379;38560
18380;38561
18381;38562
18382;38563
18383;38564
18384;38565
18385;38566
18386;38567
18387;38568
18388;38569
18389;38570
18390;38571
18391;38572
18392;38573
18393;38574
18394;38575
18395;38576
18396;38577
18397;38578
18398;38579
18399;38580
18400;38581
18401;38582
18402;38583
18403;38584
18404;38585
18405;38586
18406;38587
18407;38588
18408;38589
18409;38590
18410;38591
18411;38592
18412;38593
18413;38594
18414;38595
18415;38596
18416;38597
18417;38598
18418;38599
18419;38600
18420;38601
18421;38602
18422;38603
18423;38604
18424;38605
18425;38606
18426;38607
18427;38608
18428;38609
18429;38610
18430;38611
18431;38612
18432;38613
18433;38614
18434;38615
18435;38616
18436;38617
18437;38618
18494;38682
18495;38683
18496;38684
18497;38685
18498;38686
18499;38687
18500;38688
18501;38689
18502;38690
18503;38691
18504;38692
18505;38693
18506;38694
18507;38695
18508;38696
18509;38698
18510;38699
18511;38700
18512;38701
18513;38702
18514;38703
18515;38704
18516;38705
18517;38706
18518;38707
18519;38708
18520;38709
18521;38710
18522;38711
18523;38712
18524;38713
18525;38714
18526;38715
18527;38716
18528;38717
18529;38718
18530;38719
18531;38720
18532;38721
18533;38722
18534;38723
18535;38724
18536;38725
18537;38726
18538;38727
18539;38728
18540;38730
18541;38731
18542;38732
18543;38733
18544;38734
18545;38735
18546;38736
18547;38737
18548;38738
18549;38739
18550;38740
18551;38741
18552;38742
18553;38743
18554;38744
18555;38745
18556;38746
18557;38747
18558;38748
18559;38749
18560;38751
18561;38752
18562;38753
18563;38754
18564;38755
18565;38756
18566;38757
18567;38758
18568;38759
18569;38760
18570;38761
18571;38762
18572;38763
18573;38764
18574;38765
18575;38766
18576;38767
18577;38768
18578;38769
18579;38770
18580;38771
18581;38772
18582;38773
18583;38774
18584;38775
18585;38776
18586;38777
18587;38778
18588;38779
18589;38780
18590;38781
18591;38782
18592;38783
18593;38784
18594;38785
18595;38786
18596;38787
18597;38788
18598;38789
18599;38790
18818;39025
18912;39155
19045;39357
19046;39358
19047;39359
19048;39360
19049;39361
19050;39362
19051;39363
19052;39364
19053;39365
19054;39366
19055;39367
19056;39368
19057;39369
19058;39370
19059;39371
19060;39372
19061;39373
19062;39374
19063;39375
19064;39376
19065;39377
19066;39378
19067;39379
19068;39380
19069;39381
19070;39382
19071;39383
19072;39384
19073;39385
19074;39386
19075;39388
19076;39389
19077;39390
19078;39391
19079;39392
19080;39393
19081;39394
19082;39395
19083;39396
19084;39397
19085;39398
19086;39399
19087;39400
19088;39401
19089;39402
19090;39403
19091;39404
19092;39405
19093;39406
19094;39407
19095;39408
19096;39409
19097;39410
19098;39411
19099;39412
19100;39413
19101;39414
19102;39415
19103;39416
19104;39417
19105;39418
19106;39419
19107;39420
19108;39421
19109;39422
19110;39423
19111;39424
19112;39425
19113;39426
19114;39427
19115;39428
19116;39429
19117;39430
19118;39431
19119;39432
19120;39433
19121;39434
19122;39435
19123;39436
19124;39437
19125;39438
19126;39439
19127;39440
19128;39441
19129;39442
19130;39443
19165;39486
19166;39487
19167;39488
19168;39489
19169;39490
19170;39491
19171;39492
19172;39493
19173;39494
19174;39495
19175;39496
19176;39497
19177;39498
19178;39499
19179;39500
19180;39501
19181;39502
19182;39503
19183;39504
19184;39505
19185;39506
19197;39521
19198;39522
19199;39523
19200;39524
19201;39525
19202;39526
19203;39527
19204;39528
19205;39529
19206;39530
19207;39531
19208;39532
19209;39533
19211;39536
19212;39537
19213;39538
19214;39540
19215;39541
19216;39542
19217;39543
19218;39544
19219;39545
19220;39546
19221;39547
19222;39548
19223;39549
19224;39550
19225;39551
19226;39552
19227;39553
19228;39554
19229;39555
19230;39556
19231;39557
19232;39558
19233;39559
19234;39560
19235;39561
19236;39562
19237;39563
19238;39564
19239;39565
19240;39566
19241;39567
19242;39568
19243;39569
19244;39570
19245;39571
19288;39631
19310;39668
19445;39856
19446;39857
19447;39858
19448;39859
19449;39860
19450;39861
19451;39862
19452;39863
19453;39864
19454;39865
19455;39866
19456;39867
19457;39868
19458;39869
19459;39870
19460;39871
19461;39872
19462;39873
19463;39874
19464;39875
19465;39876
19466;39877
19467;39878
19468;39879
19469;39880
19470;39881
19471;39882
19472;39883
19473;39884
19474;39885
19475;39886
19476;39887
19477;39888
19478;39889
19479;39890
19480;39891
19481;39892
19482;39893
19483;39894
19484;39895
19485;39896
19486;39897
19487;39898
19488;39899
19489;39900
19490;39901
19491;39902
19496;39907
19703;40120
19704;40121
19705;40122
19706;40123
19707;40124
19708;40125
19709;40126
19710;40127
19711;40128
19712;40129
19713;40130
19714;40131
19715;40132
19716;40133
19717;40134
19718;40135
19719;40136
19720;40137
19721;40138
19722;40139
19723;40140
19724;40141
19725;40142
19726;40143
19727;40144
19728;40145
19729;40146
19730;40147
19731;40148
19732;40149
19733;40150
19734;40151
19735;40152
19736;40153
19737;40154
19738;40155
19739;40156
19740;40157
19741;40158
19742;40159
19743;40160
19744;40161
19745;40162
19746;40163
19747;40164
19748;40165
19749;40166
19750;40168
19751;40169
19752;40170
19753;40171
19754;40172
19755;40173
19756;40174
19757;40175
19758;40176
19759;40177
19760;40178
19761;40179
19762;40180
19763;40181
19764;40182
19765;40183
19766;40184
19767;40185
19768;40186
19769;40187
19770;40188
19771;40189
19772;40190
19819;40237
19820;40238
19821;40239
19822;40240
19823;40241
19824;40242
19825;40243
19826;40244
19827;40245
19828;40246
19829;40247
19830;40248
19831;40249
19832;40250
19833;40251
19834;40252
19835;40253
19836;40254
19837;40255
19838;40256
19839;40257
19840;40258
19841;40259
19842;40260
19843;40261
19844;40262
19845;40263
19846;40264
19847;40265
19848;40266
19849;40267
19850;40268
19851;40269
19852;40270
19853;40271
19854;40272
19855;40273
19856;40274
19857;40275
19858;40276
19859;40277
19860;40278
19861;40279
19862;40280
19863;40281
19864;40282
19865;40283
19866;40284
19867;40285
19868;40286
19869;40287
19870;40288
19871;40289
19872;40290
19873;40291
19874;40292
19875;40293
19876;40294
19877;40295
19878;40296
19879;40297
19880;40298
19881;40299
19882;40300
19883;40301
19884;40302
19885;40303
19886;40304
19887;40305
19888;40306
19889;40308
19890;40309
19891;40310
19892;40311
19893;40312
19894;40313
19895;40314
19896;40315
19897;40316
19899;40318
20004;40473
20005;40474
20006;40475
20007;40476
20008;40477
20009;40478
20010;40479
20011;40480
20012;40481
20013;40482
20014;40483
20015;40486
20016;40487
20017;40488
20018;40489
20019;40490
20020;40491
20021;40492
20022;40493
20023;40494
20024;40495
20025;40496
20026;40498
20027;40500
20028;40501
20029;40502
20030;40504
20031;40505
20032;40506
20033;40507
20034;40508
20035;40509
20036;40510
20037;40511
20038;40512
20039;40513
20040;40514
20041;40515
20042;40516
20043;40517
20044;40518
20045;40519
20046;40520
20047;40521
20048;40522
20051;40525
20052;40526
20053;40527
20054;40528
20055;40529
20056;40530
20057;40531
20058;40532
20059;40533
20060;40534
20061;40535
20062;40536
20063;40538
20064;40539
20065;40540
20066;40542
20078;40557
20107;40596
20115;40635
20136;40689
20313;40926
20314;40927
20315;40928
20335;40972
20336;40973
20337;40974
20338;40975
20339;40976
20340;40977
20341;40978
20342;40979
20343;40980
20344;40981
20345;40982
20346;40983
20347;40984
20348;40985
20349;40986
20350;40987
20351;40988
20352;40989
20353;40990
20354;40991
20355;40992
20356;40993
20357;40994
20360;41000
20765;41426
20766;41427
20767;41428
20768;41429
20769;41430
20770;41431
20771;41432
20772;41433
20773;41434
20774;41435
20775;41436
20776;41437
20777;41438
20778;41439
20779;41440
20780;41441
20781;41442
20782;41443
20783;41444
20784;41445
20785;41446
20786;41447
20787;41448
20788;41449
20789;41450
20790;41452
20791;41453
20792;41454
20793;41455
20794;41456
20795;41457
20796;41458
20797;41459
20798;41460
20799;41461
20800;41462
20801;41463
20802;41464
20803;41465
20804;41466
20805;41467
20806;41468
20807;41469
20808;41470
20809;41471
20810;41472
20811;41473
20812;41474
20813;41475
20814;41476
20815;41477
20816;41478
20817;41479
20818;41480
20819;41481
20820;41482
20821;41483
20825;41488
20826;41489
20827;41490
20828;41491
20829;41492
20830;41493
20831;41494
20840;41503
20841;41504
20842;41505
20843;41506
20844;41507
20845;41508
20846;41509
20847;41510
20848;41511
20849;41512
20850;41513
20851;41514
20852;41515
20853;41516
20854;41517
20855;41518
20856;41519
20857;41520
20858;41521
20859;41522
20860;41523
20861;41524
20862;41525
20863;41526
20864;41527
20865;41528
20866;41529
20867;41530
20868;41531
20869;41532
20870;41533
20871;41534
20872;41535
20873;41536
20874;41537
20875;41538
20876;41539
20877;41540
20878;41541
20879;41542
20880;41543
20881;41544
20882;41545
20883;41546
20884;41547
20885;41548
20886;41549
20887;41550
20888;41551
20889;41552
20890;41553
20891;41554
20892;41555
20893;41556
20894;41557
20895;41558
20896;41559
20897;41560
20898;41561
20899;41562
20900;41563
20901;41564
20902;41565
20903;41566
20904;41567
20905;41568
20906;41569
20907;41570
20908;41571
20909;41572
20910;41573
20911;41574
20912;41575
20913;41576
20914;41577
20915;41578
20916;41579
20917;41580
20918;41581
20919;41582
20920;41583
20921;41584
20922;41585
20923;41586
20924;41587
20925;41588
20926;41589
20927;41590
20928;41591
20929;41592
20930;41593
20931;41594
20932;41595
20933;41596
20934;41597
20935;41598
20936;41599
20937;41600
20938;41601
20939;41602
20989;41653
20990;41654
20991;41655
20992;41656
20993;41657
20994;41658
20995;41659
20996;41660
20997;41661
20998;41662
20999;41663
21000;41664
21001;41665
21002;41666
21003;41667
21004;41668
21005;41669
21006;41670
21007;41671
21008;41672
21009;41673
21010;41674
21011;41675
21012;41676
21013;41677
21014;41678
21015;41679
21016;41680
21017;41681
21018;41682
21019;41683
21020;41684
21021;41685
21022;41686
21023;41687
21024;41688
21025;41689
21026;41690
21027;41691
21028;41692
21029;41693
21030;41694
21031;41695
21032;41696
21033;41697
21034;41698
21035;41699
21036;41700
21037;41701
21038;41702
21039;41703
21040;41704
21041;41705
21042;41706
21043;41707
21044;41708
21045;41709
21046;41710
21047;41711
21048;41712
21052;41716
21053;41717
21054;41718
21055;41719
21056;41720
21057;41721
21058;41722
21059;41723
21060;41724
21061;41725
21062;41726
21063;41727
21064;41728
21065;41729
21066;41730
21067;41731
21068;41732
21069;41733
21070;41734
21071;41735
21072;41736
21073;41737
21074;41738
21075;41739
21076;41740
21077;41741
21078;41742
21079;41743
21080;41744
21081;41745
21082;41746
21083;41747
21084;41748
21085;41749
21086;41750
21087;41751
21088;41752
21208;41884
21209;41885
21210;41886
21416;42192
21417;42193
21418;42194
21419;42195
21420;42196
21421;42197
21422;42198
21423;42199
21424;42200
21425;42201
21647;42514
21668;42556
21669;42557
21670;42558
21671;42559
21672;42560
21673;42561
21674;42562
21675;42563
21676;42564
21677;42565
21678;42566
21854;42758
21855;42759
21856;42760
21857;42761
21858;42762
21859;42763
21860;42764
21861;42765
21862;42766
21863;42767
21864;42768
21865;42769
21866;42770
21867;42771
21868;42772
21869;42773
21870;42774
21871;42775
21872;42776
21873;42777
21874;42780
21875;42781
21876;42783
21877;42784
21878;42785
21879;42786
21880;42787
21881;42788
21882;42789
21883;42790
21884;42791
21885;42792
21886;42793
21887;42794
21888;42795
21889;42796
21890;42797
21891;42798
21892;42799
21893;42800
21894;42801
21895;42802
21896;42803
21897;42804
21898;42805
21899;42806
21900;42807
21901;42808
21902;42809
21903;42810
21904;42811
21905;42812
21906;42813
21962;42890
21963;42891
21964;42892
21965;42893
21966;42894
21967;42895
21968;42896
21969;42897
21970;42898
21971;42899
21972;42900
21973;42901
21974;42902
21975;42903
21976;42904
21977;42905
21978;42906
21979;42907
21980;42908
21981;42909
21982;42910
21983;42911
21984;42912
21985;42913
21986;42914
21987;42915
21988;42916
21989;42917
21990;42918
21991;42919
21992;42920
21993;42921
21994;42922
21995;42923
21996;42924
21997;42925
21998;42926
21999;42927
22000;42928
22001;42929
22002;42930
22003;42931
22004;42932
22005;42933
22006;42934
22007;42935
22008;42936
22009;42937
22010;42938
22011;42939
22012;42940
22013;42941
22014;42942
22015;42943
22016;42944
22017;42945
22018;42946
22019;42947
22020;42948
22021;42950
22022;42951
22023;42952
22024;42953
22025;42954
22026;42955
22027;42956
22028;42957
22029;42958
22030;42959
22031;42960
22032;42961
22033;42962
22034;42963
22035;42964
22036;42965
22037;42966
22038;42967
22039;42968
22040;42969
22041;42970
22042;42971
22043;42972
22044;42973
22045;42974
22046;42975
22047;42976
22048;42977
22049;42978
22050;42979
22051;42980
22052;42981
22053;42982
22054;42983
22055;42984
22056;42985
22057;42986
22058;42987
22059;42988
22060;42989
22061;42990
22062;42991
22063;42992
22064;42993
22065;42994
22066;42995
22067;42996
22068;42997
22069;42998
22070;42999
22071;43000
22111;43041
22173;43105
22174;43106
22175;43107
22176;43108
22177;43109
22178;43110
22179;43111
22180;43112
22181;43113
22182;43114
22183;43115
22184;43116
22185;43117
22186;43118
22241;43187
22242;43188
22243;43189
22244;43190
22245;43191
22246;43192
22247;43193
22248;43194
22249;43195
22250;43196
22251;43197
22252;43198
22253;43199
22254;43200
22255;43201
22256;43202
22257;43203
22258;43204
22259;43205
22260;43206
22261;43207
22262;43208
22263;43209
22264;43210
22265;43211
22266;43212
22267;43213
22268;43214
22269;43215
22270;43216
22271;43217
22272;43218
22273;43219
22282;43244
22283;43245
22284;43246
22285;43247
22286;43248
22287;43249
22288;43250
22289;43251
22290;43252
22291;43253
22292;43254
22293;43255
22294;43256
22295;43257
22296;43258
22297;43259
22298;43260
22299;43261
22300;43262
22301;43263
22302;43264
22303;43265
22304;43266
22305;43267
22306;43268
22307;43269
22308;43270
22309;43271
22310;43272
22311;43273
22312;43274
22313;43275
22314;43276
22315;43277
22316;43278
22317;43279
22318;43280
22319;43281
22320;43282
22321;43283
22322;43284
22323;43285
22324;43286
22325;43287
22326;43288
22327;43290
22328;43291
22329;43293
22330;43294
22331;43295
22332;43296
22333;43297
22334;43298
22335;43299
22336;43301
22337;43302
22338;43303
22339;43304
22340;43305
22341;43306
22342;43307
22343;43308
22344;43309
22345;43310
22346;43311
22347;43312
22348;43313
22349;43314
22350;43315
22351;43316
22352;43317
22353;43318
22354;43319
22355;43320
22356;43321
22357;43322
22358;43323
22359;43324
22360;43325
22361;43326
22362;43327
22363;43328
22364;43329
22365;43330
22366;43331
22367;43332
22368;43333
22369;43334
22370;43335
22371;43336
22372;43337
22373;43338
22374;43339
22375;43340
22376;43341
22377;43342
22378;43343
22379;43344
22380;43345
22381;43346
22382;43347
22383;43348
22384;43349
22385;43350
22386;43351
22387;43352
22388;43353
22389;43354
22390;43355
22391;43356
22392;43357
22393;43358
22394;43359
22395;43360
22396;43361
22397;43362
22398;43363
22399;43364
22400;43365
22401;43366
22402;43367
22403;43368
22404;43369
22405;43370
22406;43371
22407;43372
22408;43373
22409;43374
22410;43375
22411;43376
22412;43377
22413;43378
22414;43379
22415;43380
22416;43381
22417;43382
22418;43383
22419;43384
22420;43385
22421;43386
22422;43387
22423;43388
22424;43389
22425;43390
22426;43391
22427;43392
22428;43393
22429;43394
22430;43395
22431;43396
22432;43397
22433;43398
22434;43399
22435;43400
22436;43401
22437;43402
22438;43403
22439;43404
22440;43405
22441;43406
22442;43407
22443;43408
22444;43409
22445;43410
22446;43411
22447;43412
22448;43413
22449;43414
22450;43415
22451;43417
22452;43418
22453;43419
22456;43424
22457;43425
22458;43426
22459;43427
22460;43428
22461;43429
22462;43430
22463;43431
22464;43432
22465;43433
22466;43434
22467;43435
22468;43436
22469;43437
22470;43438
22471;43439
22472;43440
22473;43441
22474;43442
22475;43443
22476;43444
22477;43445
22478;43446
22479;43447
22480;43448
22481;43449
22482;43450
22483;43451
22484;43452
22485;43453
22486;43454
22487;43455
22488;43456
22489;43457
22490;43458
22491;43459
22492;43460
22493;43461
22494;43462
22495;43463
22496;43464
22497;43465
22498;43466
22499;43467
22500;43468
22501;43469
22502;43470
22503;43471
22504;43472
22505;43473
22506;43474
22507;43475
22508;43476
22509;43477
22510;43478
22511;43479
22512;43480
22513;43481
22514;43482
22515;43483
22516;43484
22517;43485
22518;43486
22519;43487
22520;43488
22521;43489
22522;43490
22523;43491
22524;43492
22525;43493
22526;43494
22527;43495
22528;43496
22529;43497
22530;43498
22531;43499
22532;43500
22533;43501
22534;43502
22535;43503
22536;43504
22537;43505
22538;43506
22539;43507
22540;43508
22541;43509
22542;43510
22543;43511
22544;43512
22545;43513
22546;43514
22547;43515
22548;43516
22549;43517
22550;43518
22551;43519
22552;43520
22553;43521
22557;43527
22558;43528
22559;43529
22560;43530
22561;43531
22562;43532
22563;43533
22564;43534
22565;43535
22566;43536
22567;43537
22568;43538
22569;43539
22570;43540
22571;43541
22572;43542
22573;43543
22574;43544
22575;43545
22576;43546
22577;43547
22578;43548
22620;43601
22621;43602
22622;43603
22623;43604
22624;43605
22625;43606
22626;43607
22627;43608
22628;43609
22629;43610
22630;43611
22631;43612
22632;43613
22633;43614
22634;43615
22635;43616
22636;43617
22637;43618
22695;43678
22696;43679
22697;43680
22698;43682
22699;43683
22700;43684
22701;43685
22702;43686
22703;43687
22704;43688
22705;43689
22706;43690
22707;43691
22708;43692
22709;43693
22710;43694
22711;43695
22712;43696
22713;43697
22714;43698
22715;43699
22716;43700
22717;43701
22718;43702
22719;43703
22720;43704
22721;43705
22722;43706
22723;43707
22724;43708
22725;43709
22726;43710
22727;43711
22728;43712
22729;43714
22730;43715
22731;43716
22732;43717
22733;43718
22734;43719
22735;43720
22736;43721
22737;43722
22738;43723
22739;43724
22740;43725
22741;43726
22743;43728
22744;43729
22745;43730
22746;43731
22747;43732
22748;43733
22749;43734
22750;43735
22751;43736
22752;43737
22753;43738
22754;43739
22791;43779
22792;43780
22793;43781
22794;43782
22795;43783
22796;43784
22797;43785
22798;43786
22799;43787
22800;43791
22801;43792
22802;43793
22803;43794
22804;43795
22805;43796
22806;43797
22807;43798
22808;43799
22809;43800
22810;43801
22811;43802
22812;43803
22813;43804
22814;43805
22815;43806
22816;43807
22817;43808
22818;43809
22819;43810
22820;43811
22821;43812
22822;43814
22823;43815
22824;43816
22825;43818
22826;43819
22827;43820
22828;43821
22829;43822
22830;43823
22831;43824
22832;43825
22833;43826
22834;43827
22835;44037
22836;44038
22837;44039
22838;44040
22839;44041
22840;44042
22841;44043
22842;44044
22843;44045
22844;44046
22845;44047
22846;44048
22847;44049
22848;44050
22849;44051
22850;44052
22851;44053
22852;44054
22853;44055
22854;44056
22855;44057
22856;44058
22857;44059
22858;44060
22859;44061
22860;44062
22861;44063
22862;44064
22863;44065
22864;44066
22865;44067
22866;44068
22867;44069
22868;44070
22869;44071
22870;44072
22871;44073
22872;44074
22873;44075
22874;44076
22875;44077
22876;44078
22877;44079
22878;44080
22879;44081
22880;44082
22881;44083
22882;44107
22883;44108
22884;44109
22885;44110
22886;44112
22887;44113
22909;44137
22910;44138
22911;44139
22912;44140
22913;44141
22914;44142
22915;44143
22916;44144
22917;44145
22918;44146
22919;44147
22920;44148
22921;44149
22922;44150
22923;44151
22924;44152
22925;44153
22926;44154
22927;44155
22928;44156
22929;44157
22930;44158
22931;44159
22932;44160
22933;44161
22934;44162
22935;44163
22936;44164
22937;44165
22938;44166
23036;44266
23037;44267
23038;44268
23039;44269
23040;44270
23041;44271
23042;44277
23043;44278
23044;44279
23045;44280
23046;44281
23047;44282
23048;44283
23049;44284
23050;44285
23051;44286
23052;44287
23053;44288
23054;44289
23055;44290
23056;44291
23057;44292
23060;44344
23061;44345
23062;44346
23063;44347
23064;44348
23065;44349
23066;44350
23067;44351
23068;44352
23069;44353
23070;44354
23071;44355
23072;44356
23073;44357
23074;44358
23075;44359
23076;44360
23077;44361
23078;44362
23079;44363
23080;44364
23081;44365
23082;44366
23083;44367
23084;44368
23085;44369
23086;44370
23087;44371
23088;44372
23089;44373
23090;44374
23091;44375
23092;44376
23138;44441
23139;44442
23140;44443
23141;44444
23142;44445
23143;44446
23144;44447
23145;44448
23146;44449
23147;44450
23148;44451
23149;44452
23150;44453
23151;44454
23152;44455
23153;44456
23154;44457
23155;44458
23156;44459
23157;44460
23158;44461
23159;44462
23160;44463
23161;44464
23162;44465
23163;44466
23164;44467
23165;44468
23166;44469
23167;44470
23168;44471
23169;44472
23170;44473
23171;44474
23172;44475
23173;44476
23181;44485
23182;44486
23183;44487
23184;44488
23185;44489
23186;44490
23187;44491
23188;44492
23189;44493
23190;44494
23191;44495
23192;44496
23193;44497
23194;44498
23195;44499
23196;44500
23197;44501
23198;44502
23199;44503
23200;44504
23201;44505
23202;44506
23222;44528
23223;44529
23224;44530
23225;44531
23226;44532
23227;44533
23228;44534
23229;44535
23230;44536
23231;44537
23232;44538
23233;44539
23234;44540
23235;44541
23236;44542
23237;44543
23238;44544
23239;44545
23240;44546
23241;44547
23242;44548
23243;44549
23244;44550
23245;44551
23246;44552
23247;44553
23248;44554
23249;44555
23250;44556
23251;44557
23252;44558
23253;44559
23254;44560
23255;44561
23256;44562
23257;44563
23258;44564
23259;44565
23260;44566
23261;44567
23262;44568
23263;44569
23264;44570
23265;44571
23266;44572
23267;44573
23268;44574
23269;44575
23270;44576
23271;44577
23272;44578
23273;44579
23274;44580
23275;44581
23276;44582
23277;44583
23278;44584
23279;44585
23280;44586
23281;44587
23282;44588
23283;44589
23284;44590
23285;44591
23286;44592
23287;44593
23288;44594
23289;44595
23290;44596
23291;44597
23292;44598
23293;44599
23294;44600
23295;44601
23296;44602
23297;44603
23298;44604
23299;44605
23300;44606
23301;44607
23302;44608
23303;44609
23304;44610
23305;44611
23306;44612
23307;44613
23308;44614
23309;44615
23310;44616
23311;44617
23312;44618
23313;44619
23314;44620
23315;44621
23316;44622
23317;44623
23318;44624
23319;44625
23321;44629
23322;44630
23323;44631
23324;44632
23325;44633
23326;44634
23327;44635
23328;44636
23329;44637
23330;44638
23331;44639
23332;44640
23333;44641
23334;44642
23335;44643
23336;44644
23337;44645
23338;44646
23339;44647
23340;44648
23341;44649
23342;44650
23343;44651
23344;44652
23345;44653
23346;44654
23347;44655
23348;44656
23349;44657
23352;44662
23353;44663
23354;44664
23355;44665
23356;44666
23357;44667
23358;44668
23359;44669
23360;44670
23361;44671
23362;44672
23363;44673
23364;44674
23365;44675
23366;44676
23367;44677
23368;44678
23369;44679
23370;44680
23371;44681
23372;44682
23373;44683
23374;44684
23375;44685
23376;44686
23377;44687
23378;44688
23379;44689
23380;44690
23381;44691
23382;44692
23383;44693
23384;44694
23385;44695
23386;44696
23387;44697
23388;44698
23389;44699
23390;44700
23391;44701
23392;44702
23393;44703
23394;44704
23395;44705
23396;44706
23397;44707
23398;44708
23399;44709
23400;44710
23401;44711
23402;44712
23403;44713
23404;44714
23405;44715
23406;44716
23407;44717
23408;44718
23409;44719
23410;44720
23411;44721
23412;44722
23413;44723
23414;44724
23415;44725
23416;44726
23417;44727
23418;44728
23419;44729
23420;44730
23421;44731
23422;44732
23423;44733
23424;44734
23425;44735
23426;44736
23427;44737
23428;44738
23429;44739
23430;44740
23431;44741
23432;44742
23433;44743
23434;44744
23435;44745
23444;44755
23445;44756
23446;44757
23447;44758
23448;44759
23449;44760
23450;44761
23451;44762
23452;44763
23453;44764
23454;44765
23455;44766
23456;44767
23457;44768
23458;44769
23459;44770
23460;44771
23461;44772
23462;44773
23463;44774
23464;44775
23465;44776
23466;44777
23467;44778
23468;44779
23469;44780
23470;44781
23471;44782
23472;44783
23473;44784
23474;44785
23475;44786
23476;44787
23477;44788
23478;44789
23479;44790
23480;44791
23481;44792
23482;44793
23483;44794
23484;44795
23485;44796
23486;44797
23487;44798
23488;44799
23489;44800
23490;44801
23491;44802
23492;44803
23493;44804
23494;44805
23495;44806
23496;44807
23497;44808
23498;44809
23499;44810
23500;44811
23501;44812
23502;44813
23503;44814
23504;44815
23505;44816
23506;44817
23507;44818
23508;44819
23509;44820
23510;44821
23511;44822
23512;44823
23513;44824
23514;44825
23515;44826
23516;44827
23517;44828
23518;44829
23519;44830
23520;44831
23521;44832
23522;44833
23523;44834
23524;44835
23525;44836
23526;44837
23527;44838
23528;44839
23529;44840
23530;44841
23531;44842
23532;44843
23533;44844
23534;44845
23535;44846
23536;44847
23537;44848
23538;44849
23539;44850
23540;44851
23541;44852
23542;44853
23543;44854
23544;44855
23545;44856
23546;44857
23547;44858
23549;44860
23550;44862
23551;44863
23552;44864
23553;44865
23554;44866
23555;44867
23556;44868
23557;44869
23558;44870
23559;44871
23560;44872
23561;44873
23562;44874
23563;44875
23564;44876
23565;44877
23566;44878
23567;44879
23568;44880
23569;44881
23570;44882
23571;44883
23572;44884
23573;44885
23574;44886
23575;44887
23576;44888
23577;44889
23578;44890
23579;44891
23580;44892
23581;44893
23583;44895
23584;44896
23585;44897
23586;44898
23587;44906
23588;44907
23589;44908
23590;44909
23591;44910
23592;44911
23593;44912
23594;44913
23595;44914
23596;44915
23597;44916
23598;44917
23599;44918
23600;44919
23601;44920
23602;44921
23603;44922
23604;44923
23605;44924
23606;44925
23607;44926
23608;44927
23609;44928
23610;44929
23611;44930
23612;44931
23613;44932
23614;44933
23615;44934
23616;44935
23617;44936
23618;44937
23619;44938
23620;44939
23621;44940
23622;44941
23623;44942
23626;44946
23627;44950
23628;44951
23670;45003
23671;45004
23672;45005
23673;45006
23674;45007
23675;45008
23676;45009
23677;45010
23678;45011
23679;45012
23680;45013
23681;45014
23682;45015
23683;45016
23684;45017
23685;45019
23686;45020
23687;45021
23688;45022
23689;45023
23690;45024
23691;45025
23692;45026
23693;45027
23694;45028
23695;45029
23696;45030
23697;45034
23698;45035
23699;45036
23700;45037
23701;45038
23702;45039
23703;45040
23704;45041
23705;45042
23706;45043
23707;45044
23708;45045
23709;45046
23710;45047
23711;45048
23712;45049
23713;45050
23714;45051
23715;45052
23716;45053
23717;45054
23718;45055
23719;45056
23721;45061
23722;45062
23723;45063
23724;45064
23725;45065
23726;45066
23732;45080
23733;45081
23734;45082
23735;45083
23736;45084
23737;45085
23738;45086
23739;45087
23740;45088
23741;45089
23742;45090
23743;45095
23744;45096
23745;45097
23746;45098
23747;45099
23748;45100
23749;45101
23750;45102
23751;45103
23752;45104
23753;45105
23754;45106
23755;45107
23756;45108
23757;45109
23758;45110
23759;45111
23760;45112
23761;45113
23762;45114
23763;45115
23764;45116
23765;45117
23766;45118
23767;45119
23768;45120
23769;45121
23770;45122
23771;45123
23772;45124
23831;45186
23832;45187
23833;45189
23845;45202
23846;45203
23847;45204
23848;45205
23849;45206
23850;45207
23872;45231
23873;45232
23874;45233
23875;45234
23876;45235
23877;45236
23878;45237
23879;45238
23880;45239
23881;45240
23882;45241
23883;45242
23884;45243
23885;45244
23886;45249
23887;45250
23888;45319
23889;45320
23890;45321
23892;45323
23893;45324
23894;45325
23895;45326
23896;45327
23897;45328
23898;45329
23899;45330
23900;45331
23901;45332
23930;45393
24093;45558
24094;45559
24095;45560
24096;45561
24097;45562
24098;45563
24099;45564
24100;45565
24101;45566
24102;45567
24103;45568
24104;45569
24105;45570
24106;45571
24107;45572
24108;45573
24109;45574
24110;45575
24111;45576
24112;45577
24113;45578
24114;45579
24115;45580
24116;45581
24214;45710
24240;45751
24241;45752
24242;45753
24243;45754
24244;45755
24245;45756
24246;45757
24247;45758
24248;45759
24249;45760
24250;45761
24251;45762
24252;45763
24253;45764
24254;45765
24255;45766
24256;45767
24257;45768
24258;45769
24259;45770
24260;45771
24261;45772
24262;45773
24263;45774
24264;45775
24265;45776
24266;45777
24267;45778
24268;45779
24269;45780
24270;45781
24271;45782
24272;45783
24273;45784
24274;45785
24275;45786
24276;45787
24277;45788
24278;45789
24279;45790
24280;45791
24281;45792
24282;45793
24283;45794
24284;45795
24285;45796
24286;45797
24287;45798
24288;45799
24289;45800
24290;45801
24291;45802
24292;45803
24293;45804
24294;45805
24295;45806
24296;45807
24297;45808
24298;45809
24299;45810
24300;45811
24301;45812
24302;45813
24303;45814
24304;45815
24305;45816
24306;45817
24307;45818
24308;45819
24309;45820
24310;45821
24311;45822
24312;45823
24313;45824
24314;45825
24315;45826
24316;45827
24317;45828
24318;45829
24319;45830
24320;45831
24321;45832
24322;45833
24323;45834
24324;45835
24325;45836
24326;45837
24327;45838
24328;45839
24329;45840
24330;45841
24331;45842
24332;45843
24333;45844
24334;45845
24335;45846
24336;45847
24337;45848
24338;45849
24339;45850
24340;45851
24341;45852
24342;45853
24343;45854
24344;45855
24345;45856
24346;45857
24347;45858
24351;46004
24352;46005
24353;46006
24354;46007
24355;46008
24356;46009
24357;46010
24358;46011
24359;46012
24360;46013
24361;46014
24362;46015
24363;46016
24364;46017
24365;46018
24366;46019
24367;46020
24368;46021
24369;46022
24370;46023
24371;46024
24372;46025
24373;46026
24374;46027
24375;46028
24376;46029
24377;46030
24378;46031
24379;46032
24381;46054
24382;46055
24383;46056
24384;46057
24385;46058
24386;46059
24387;46060
24388;46061
24389;46062
24390;46063
24391;46064
24392;46065
24393;46066
24394;46067
24395;46068
24396;46069
24397;46070
24398;46071
24399;46072
24400;46073
24401;46074
24402;46075
24403;46076
24404;46077
24405;46078
24406;46079
24407;46080
24408;46081
24409;46082
24410;46083
24411;46084
24412;46085
24413;46086
24414;46087
24415;46088
24416;46089
24417;46090
24418;46091
24419;46092
24420;46093
24421;46094
24422;46095
24423;46096
24424;46097
24425;46098
24426;46099
24427;46100
24428;46101
24429;46102
24430;46103
24431;46104
24432;46105
24433;46106
24434;46107
24435;46108
24436;46109
24437;46110
24438;46111
24439;46112
24440;46113
24441;46114
24442;46115
24443;46116
24444;46117
24445;46118
24446;46119
24447;46120
24448;46121
24449;46122
24456;46129
24457;46130
24458;46131
24459;46132
24460;46133
24461;46134
24462;46135
24463;46136
24464;46137
24465;46138
24466;46139
24467;46140
24468;46141
24469;46142
24473;46146
24474;46147
24475;46148
24476;46149
24477;46150
24478;46151
24479;46152
24480;46153
24481;46154
24482;46155
24483;46156
24484;46157
24485;46158
24486;46159
24487;46160
24488;46161
24489;46162
24490;46163
24491;46164
24492;46165
24493;46166
24494;46167
24495;46168
24496;46169
24497;46170
24498;46171
24499;46172
24500;46173
24501;46174
24502;46175
24503;46176
24504;46178
24505;46180
24506;46181
24507;46182
24508;46183
24509;46184
24510;46186
24511;46187
24512;46188
24513;46189
24514;46190
24515;46191
24516;46192
24517;46193
24549;46235
24556;46248
24557;46249
24558;46250
24559;46251
24560;46252
24561;46253
24562;46254
24563;46255
24566;46259
24567;46260
24568;46261
24569;46262
24570;46263
24571;46264
24572;46265
24573;46266
24574;46267
24575;46268
24576;46269
24577;46270
24578;46271
24579;46272
24580;46273
24581;46274
24582;46275
24583;46276
24584;46277
24585;46278
24586;46279
24626;46319
24627;46320
24628;46321
24629;46322
24630;46323
24631;46324
24632;46325
24633;46326
24634;46327
24635;46328
24636;46329
24637;46330
24638;46331
24639;46332
24640;46333
24641;46334
24642;46335
24643;46336
24644;46337
24645;46338
24646;46339
24647;46340
24648;46341
24649;46342
24650;46343
24651;46344
24652;46345
24653;46352
24654;46353
24655;46354
24656;46355
24657;46356
24658;46357
24659;46358
24660;46359
24661;46360
24662;46361
24663;46362
24664;46363
24665;46364
24666;46365
24667;46366
24668;46367
24669;46368
24670;46369
24710;46424
24711;46425
24715;46432
24923;46656
24924;46657
24925;46658
24926;46659
24927;46660
24928;46661
24929;46662
24930;46663
24931;46664
24932;46665
24933;46666
24934;46667
24935;46668
24936;46669
24937;46671
24938;46672
24939;46673
24940;46674
24941;46675
24942;46677
24943;46678
24944;46679
24945;46680
24946;46681
24947;46682
24948;46683
24949;46684
24950;46685
24951;46686
24952;46687
24953;46688
24954;46689
24955;46690
24956;46691
24957;46692
24958;46693
24959;46694
24960;46695
24961;46696
24962;46697
24963;46706
25426;47312
25427;47313
25428;47314
25429;47315
25430;47316
25431;47317
25432;47318
25433;47319
25434;47320
25435;47321
25436;47322
25437;47323
25438;47324
25439;47325
25505;47398
25506;47399
25507;47400
25544;47445
25545;47446
25546;47447
25547;47448
25548;47449
25549;47450
25631;47547
25632;47550
25676;47603
25677;47604
25678;47605
25679;47606
25680;47607
25681;47608
25682;47609
25683;47610
25684;47611
25685;47612
25686;47613
25687;47614
25688;47615
25689;47616
25690;47617
25691;47618
25692;47619
25693;47620
25694;47621
25695;47622
25696;47623
25697;47624
25698;47625
25699;47626
25700;47627
25701;47628
25702;47629
25703;47630
25704;47631
25705;47632
25706;47633
25707;47634
25708;47635
25709;47636
25710;47637
25711;47638
25712;47639
25713;47640
25714;47641
25715;47642
25716;47643
25717;47644
25718;47645
25719;47646
25720;47647
25721;47648
25722;47650
25723;47703
25724;47704
25725;47705
25726;47710
25727;47711
25728;47712
25729;47714
25730;47734
25731;47736
25732;47737
25733;47738
25734;47745
25735;47747
25736;47748
25737;47749
25738;47750
25814;47951
25815;47952
25816;47953
25817;47954
25818;47955
25819;47956
25820;47957
25821;47958
25822;47959
25823;47960
25824;47961
25825;47962
25826;47963
25827;47964
25828;47965
25829;47966
25830;47967
25831;47968
25832;47969
25904;59201
25905;59213
25906;59214
25907;59215
25908;59216
25909;59217
25910;59218
25911;59219
25912;59220
25913;59221
25914;59222
25915;59223
25916;59224
25917;59225
25918;59226
25919;59227
25920;59228
25921;59229
25922;59230
25923;59231
25924;59232
25925;59233
25926;59234
25927;59235
25928;59236
25929;59237
25930;59238
25931;59239
25932;59240
25933;59241
25934;59242
25935;59243
25936;59244
25937;59245
25938;59246
25939;59247
25940;59248
25941;59249
25942;59250
25943;59251
25944;59252
25945;59253
25946;59254
25947;59255
25948;59256
25949;59257
25950;59258
25951;59261
25952;59263
25953;59264
25954;59270
25955;59273
25956;59277
25957;59283
25958;59284
25959;59285
25960;59286
25961;59288
25962;59290
25963;59291
25964;59292
25965;59294
25966;59295
25967;59297
25968;59299
25969;59300
25970;59301
25971;59302
25972;59303
25973;59304
25974;59305
25975;59306
25976;59308
25977;59310
25978;59311
25979;59314
25980;59315
25981;59316
25982;59317
25983;59320
25984;59322
25985;59323
25986;59324
25987;59326
25988;59327
25989;59329
25990;59330
25991;59333
25992;59334
25993;59335
25994;59336
25995;59337
25996;59338
25997;59339
25998;59340
25999;59341
26000;59342
26001;59343
26002;59344
26003;59345
26004;59346
26005;59347
26006;59348
26007;59349
26008;59350
26009;59351
26010;59352
26011;59353
26012;59355
26013;59356
26014;59357
26015;59358
26016;59359
26017;59360
26018;59361
26019;59362
26020;59363
26021;59364
26022;59365
26023;59366
26024;59367
26025;59369
26026;59370
26027;59371
26028;59373
26029;59374
26030;59375
26031;59376
26032;59377
26033;59378
26034;59379
26035;59380
26036;59381
26037;59382
26038;59383
26039;59384
26040;59385
26065;59421
26066;59422
26067;59423
26068;59424
26069;59425
26070;59426
26071;59427
26072;59428
26073;59429
26074;59430
26075;59431
26076;59432
26077;59433
26078;59434
26079;59435
26080;59436
26081;59437
26082;59438
26083;59439
26084;59440
26085;59441
26086;59442
26087;59443
26088;59444
26089;59445
26122;59514
26123;59515
26124;59516
26125;59517
26126;59518
26127;59519
26128;59520
26129;59521
26130;59522
26131;59523
26132;59524
26133;59525
26134;59526
26135;59527
26136;59529
26137;59530
26138;59531
26139;59532
26140;59533
26141;59535
26142;59536
26143;59538
26144;59539
26145;59540
26146;59541
26147;59542
26148;59543
26149;59544
26150;59545
26151;59546
26152;59547
26153;59548
26154;59549
26155;59550
26156;59551
26157;59552
26158;59555
26159;59556
26160;59557
26161;59559
26162;59560
26163;59561
26164;59562
26165;59563
26166;59564
26167;59565
26168;59566
26169;59567
26170;59568
26171;59570
26172;59571
26173;59572
26174;59573
26175;59574
26176;59575
26187;59587
26188;59588
26189;59589
26190;59590
26191;59591
26192;59592
26193;59593
26194;59594
26195;59595
26196;59596
26197;59597
26198;59598
26199;59599
26200;59600
26201;59601
26202;59602
26211;59611
26212;59612
26213;59613
26288;59697
26289;59698
26290;59699
26291;59700
26292;59701
26293;59702
26312;59726
26313;59727
26314;59728
26315;59729
26316;59730
26317;59731
26318;59732
26319;59733
26320;59734
26321;59735
26322;59736
26323;59737
26324;59738
26325;59739
26326;59740
26327;59741
26328;59742
26329;59743
26330;59744
26331;59745
26417;59954
26418;59955
26419;59956
26420;59957
26421;59958
26429;59969
26430;59971
26431;59972
26432;59973
26433;59976
26434;59977
26435;59978
26436;59979
26437;59980
26438;59981
26439;59983
26440;59985
26457;60003
26458;60007
26475;60030
26476;60031
26479;60035
26480;60036
26481;60037
26482;60038
26483;60039
26487;60043
26488;60044
26489;60045
26490;60046
26491;60047
26492;60048
26493;60049
26494;60050
26495;60051
26499;60055
26500;60057
26501;60058
26503;60070
26504;60071
26505;60072
26506;60073
26507;60074
26508;60075
26509;60076
26510;60077
26511;60078
26512;60079
26513;60080
26514;60081
26515;60082
26516;60085
26517;60086
26518;60087
26519;60088
26520;60089
26521;60090
26522;60091
26523;60092
26524;60093
26525;60094
26526;60095
26527;60096
26528;60097
26529;60098
26530;60099
26531;60100
26532;60101
26533;60102
26534;60103
26536;60113
26537;60114
26538;60115
26539;60116
26540;60117
26543;60122
26545;60127
26546;60128
26547;60129
26548;60130
26549;60131
26550;60132
26551;60133
26552;60134
26553;60135
26554;60136
26555;60137
26556;60138
26571;60197
26611;60240
26612;60241
26613;60242
26614;60243
26615;60244
26616;60246
26617;60247
26618;60248
26619;60249
26620;60250
26621;60251
26623;60255
26624;60256
26625;60257
26626;60258
26627;60259
26628;60260
26629;60261
26630;60262
26631;60263
26632;60264
26633;60265
26634;60266
26635;60267
26734;60506
26735;60507
26736;60508
26737;60509
26738;60510
26739;60511
26740;60512
26741;60513
26742;60514
26743;60515
26744;60516
26745;60517
26746;60518
26747;60519
26748;60520
26749;60521
26750;60522
26751;60523
26752;60524
26753;60525
26754;60526
26755;60527
26756;60528
26757;60529
26758;60530
26759;60531
26760;60532
26761;60533
26762;60534
26763;60535
26764;60536
26765;60537
26773;60549
26891;60707
26892;60708
27043;60899
27044;60900
27045;60901
27046;60902
27047;60903
27048;60904
27049;60905
27050;60906
27051;60907
27052;60908
27053;60909
27054;60910
27055;60911
29298;60979
29300;60979
29301;60979
29303;60979
29310;60979
29326;60979
29327;60979
29329;60979
29330;60979
29331;60979
29332;60979
29333;60979
29334;60979
29335;60979
29336;60979
29337;60979
